Turtle,639,241,347,259,Image_1.jpg,1000,1000
Turtle,632,183,481,441,Image_2.jpg,2000,1000
Turtle,378,429,156,119,Image_3.jpg,1200,800
Turtle,1368,431,519,377,Image_4.jpg,2500,1667
Turtle,1044,1498,1088,772,Image_5.jpg,4613,2968
Turtle,418,370,310,219,Image_6.jpg,1536,1024
Turtle,1449,1117,388,394,Image_7.jpg,2522,3332
Turtle,296,173,230,196,Image_8.jpg,1000,664
Turtle,382,136,226,203,Image_9.jpg,869,574
Turtle,3232,777,874,848,Image_10.jpg,5616,2633
Turtle,613,219,385,423,Image_11.jpg,1600,1070
Turtle,641,149,253,236,Image_12.jpeg,1200,800
Turtle,447,221,184,185,Image_13.jpg,1200,630
Turtle,420,140,227,211,Image_14.jpg,1024,686
Turtle,216,188,165,169,Image_15.jpg,500,559
Turtle,450,236,161,158,Image_16.jpg,900,586
Turtle,1888,640,1205,1149,Image_17.jpg,4752,3168
Turtle,238,32,85,85,Image_18.png,589,295
Turtle,442,27,38,42,Image_18.png,589,295
Turtle,1742,569,1365,1540,Image_19.jpg,4631,3087
Turtle,338,138,260,231,Image_20.jpg,845,563
Turtle,279,168,171,162,Image_21.jpg,800,533
Turtle,649,120,203,192,Image_22.jpg,1156,650
Turtle,730,441,450,345,Image_23.jpg,2119,1414
Turtle,704,663,405,276,Image_24.jpg,2793,2090
Turtle,378,189,323,275,Image_25.png,900,600
Turtle,310,212,197,203,Image_26.jpg,1000,600
Turtle,429,152,252,265,Image_27.jpg,1200,822
Turtle,510,243,330,219,Image_28.jpg,1200,900
Turtle,359,98,148,197,Image_29.jpg,728,486
Turtle,695,281,460,494,Image_30.jpg,1920,1080
Turtle,37,84,231,165,Image_31.jpg,800,600
Turtle,468,131,283,311,Image_32.jpg,1600,1019
Turtle,254,389,840,617,Image_33.jpg,1512,1231
Turtle,657,290,300,328,Image_34.jpg,1600,1000
Turtle,358,130,228,187,Image_35.jpg,1280,720
Turtle,452,283,161,164,Image_36.jpg,850,567
Turtle,3378,1250,113,131,Image_37.jpg,3840,2160
Turtle,2848,1531,118,145,Image_37.jpg,3840,2160
Turtle,2391,888,657,593,Image_37.jpg,3840,2160
Turtle,418,3,403,504,Image_38.jpg,1280,720
Turtle,415,1022,824,564,Image_39.jpg,4601,3200
Turtle,915,459,667,525,Image_40.jpg,3008,2000
Turtle,608,314,200,158,Image_41.jpg,1400,933
Turtle,1801,1132,214,208,Image_42.jpg,2015,1510
Turtle,408,842,250,213,Image_42.jpg,2015,1510
Turtle,217,455,168,170,Image_42.jpg,2015,1510
Turtle,212,36,217,181,Image_43.jpg,900,521
Turtle,101,261,171,115,Image_44.jpg,900,600
Turtle,698,186,189,147,Image_45.jpg,1000,600
Turtle,386,338,330,216,Image_46.jpg,1904,803
Turtle,1200,1011,453,439,Image_47.jpg,2592,1944
Turtle,513,79,298,460,Image_48.jpg,1600,900
Turtle,982,135,253,369,Image_49.jpg,1686,1216
Turtle,512,78,150,204,Image_50.jpg,1200,630
Turtle,423,175,819,635,Image_51.jpg,1500,1000
Turtle,976,388,193,205,Image_52.jpg,2000,1000
Turtle,364,23,150,134,Image_53.jpg,550,380
Turtle,122,155,375,285,Image_54.jpg,1152,768
Turtle,1076,164,2489,2543,Image_55.jpg,4608,3072
Turtle,611,222,144,107,Image_56.jpg,1000,667
Turtle,219,211,134,152,Image_57.jpg,800,600
Turtle,358,58,198,151,Image_58.png,600,600
Turtle,583,83,228,173,Image_59.jpg,1068,601
Turtle,423,154,235,184,Image_60.jpg,1000,667
Turtle,429,150,721,611,Image_61.jpg,1152,763
Turtle,533,237,165,190,Image_62.jpg,990,681
Turtle,495,166,100,77,Image_63.jpg,660,438
Turtle,381,159,125,128,Image_64.jpg,900,600
Turtle,409,131,121,91,Image_65.jpg,759,422
Turtle,474,159,234,268,Image_66.jpg,981,650
Turtle,403,313,246,216,Image_67.jpg,1500,1000
Turtle,1285,636,190,168,Image_68.jpg,2304,1536
Turtle,184,103,382,306,Image_69.jpg,1024,670
Turtle,249,218,134,137,Image_70.jpg,775,518
Turtle,310,301,167,137,Image_71.jpg,966,642
Turtle,732,344,196,157,Image_72.jpg,1600,1000
Turtle,407,320,137,138,Image_73.jpg,800,600
Turtle,679,301,530,487,Image_74.jpg,1920,1080
Turtle,164,178,181,138,Image_75.jpg,728,500
Turtle,799,337,159,118,Image_76.jpg,1536,1024
Turtle,1792,2554,525,439,Image_77.jpg,2720,4080
Turtle,76,88,121,131,Image_78.jpg,637,450
Turtle,281,127,103,123,Image_79.jpg,775,518
Turtle,608,314,170,132,Image_80.jpg,1440,960
Turtle,444,149,147,123,Image_81.jpg,1024,512
Turtle,108,76,94,67,Image_82.jpg,475,264
Turtle,567,172,192,183,Image_83.jpg,1000,665
Turtle,756,536,1252,1475,Image_84.jpg,3072,2304
Turtle,194,340,286,192,Image_85.jpg,1024,768
Turtle,490,145,221,154,Image_86.jpg,800,600
Turtle,104,110,458,284,Image_87.jpg,800,533
Turtle,114,392,390,279,Image_88.jpg,1715,1286
Turtle,315,291,145,100,Image_89.jpg,1280,720
Turtle,342,22,622,504,Image_90.jpg,1190,595
Turtle,1620,539,885,706,Image_91.jpg,4100,2660
Turtle,341,127,186,192,Image_92.jpg,770,422
Turtle,450,201,189,194,Image_93.jpg,900,600
Turtle,104,109,146,142,Image_94.jpg,500,375
Turtle,328,275,248,226,Image_95.jpg,750,740
Turtle,628,443,214,199,Image_96.jpg,1024,672
Turtle,307,110,225,307,Image_97.jpg,1000,667
Turtle,398,5,80,64,Image_98.jpg,530,180
Turtle,739,260,377,308,Image_99.jpg,1200,906
Turtle,283,136,158,120,Image_100.jpg,800,505
Turtle,429,216,123,170,Image_101.jpg,900,600
Turtle,738,162,264,194,Image_102.jpg,1050,700
Turtle,348,105,314,284,Image_103.jpg,1024,670
Turtle,266,335,146,108,Image_104.jpg,900,599
Turtle,277,166,267,252,Image_105.jpg,1000,541
Turtle,390,187,158,122,Image_106.jpg,770,578
Turtle,291,370,175,146,Image_107.jpg,1024,683
Turtle,192,202,479,336,Image_108.jpg,1599,1065
Turtle,291,471,1531,1449,Image_109.JPG,2560,1920
Turtle,289,410,180,188,Image_110.jpg,1024,768
Turtle,550,210,295,263,Image_111.jpg,986,653
Turtle,665,230,360,333,Image_112.jpg,2121,1063
Turtle,1843,421,331,267,Image_113.jpg,3840,2160
Turtle,1060,1186,974,878,Image_113.jpg,3840,2160
Turtle,63,136,126,110,Image_114.jpg,525,340
Turtle,559,184,99,79,Image_115.jpg,1000,700
Turtle,387,41,1137,971,Image_116.jpg,1920,1080
Turtle,297,90,169,163,Image_117.jpg,732,420
Turtle,430,365,225,217,Image_118.jpg,1024,683
Turtle,542,98,293,299,Image_119.jpg,1024,770
Turtle,2271,276,576,501,Image_120.jpg,3033,1757
Turtle,519,375,179,162,Image_121.jpg,1024,678
Turtle,473,118,107,83,Image_122.jpg,685,360
Turtle,325,265,134,134,Image_123.jpg,1000,667
Turtle,575,51,174,174,Image_124.jpg,930,500
Turtle,1306,635,312,264,Image_125.jpg,2106,1578
Turtle,958,255,212,174,Image_126.jpg,1600,1280
Turtle,347,182,492,432,Image_127.jpg,1280,854
Turtle,59,121,195,176,Image_128.jpg,600,350
Turtle,131,92,152,121,Image_129.jpg,500,333
Turtle,397,181,89,61,Image_130.jpg,800,600
Turtle,883,517,213,195,Image_131.jpg,1920,1200
Turtle,166,9,103,99,Image_132.jpg,498,272
Turtle,541,401,458,321,Image_133.JPG,1600,1467
Turtle,677,287,287,325,Image_134.jpg,1600,900
Turtle,75,73,93,85,Image_135.jpg,300,260
Turtle,324,274,99,69,Image_136.jpg,800,600
Turtle,648,235,339,272,Image_137.jpg,1000,1000
Turtle,623,178,500,462,Image_138.jpg,2000,1000
Turtle,374,426,164,130,Image_139.jpg,1200,800
Turtle,1383,434,510,401,Image_140.jpg,2500,1667
Turtle,1044,1443,1104,843,Image_141.jpg,4613,2968
Turtle,417,361,312,254,Image_142.jpg,1536,1024
Turtle,1414,1122,417,370,Image_143.jpg,2522,3332
Turtle,295,171,239,212,Image_144.jpg,1000,664
Turtle,410,138,199,196,Image_145.jpg,869,574
Turtle,3225,764,914,921,Image_146.jpg,5616,2633
Turtle,604,225,402,436,Image_147.jpg,1600,1070
Turtle,635,147,262,246,Image_148.jpeg,1200,800
Turtle,447,219,175,190,Image_149.jpg,1200,630
Turtle,414,143,238,224,Image_150.jpg,1024,686
Turtle,209,191,174,171,Image_151.jpg,500,559
Turtle,445,233,171,170,Image_152.jpg,900,586
Turtle,1911,612,1182,1177,Image_153.jpg,4752,3168
Turtle,239,31,86,85,Image_154.png,589,295
Turtle,444,25,36,44,Image_154.png,589,295
Turtle,1726,552,1398,1573,Image_155.jpg,4631,3087
Turtle,329,137,269,220,Image_156.jpg,845,563
Turtle,278,168,176,170,Image_157.jpg,800,533
Turtle,654,123,196,179,Image_158.jpg,1156,650
Turtle,737,438,442,327,Image_159.jpg,2119,1414
Turtle,696,671,391,229,Image_160.jpg,2793,2090
Turtle,393,189,304,274,Image_161.png,900,600
Turtle,309,213,193,186,Image_162.jpg,1000,600
Turtle,426,152,255,257,Image_163.jpg,1200,822
Turtle,517,244,321,222,Image_164.jpg,1200,900
Turtle,355,101,152,194,Image_165.jpg,728,486
Turtle,695,281,455,496,Image_166.jpg,1920,1080
Turtle,36,85,217,156,Image_167.jpg,800,600
Turtle,475,131,264,317,Image_168.jpg,1600,1019
Turtle,254,386,845,625,Image_169.jpg,1512,1231
Turtle,657,293,298,321,Image_170.jpg,1600,1000
Turtle,625,185,493,432,Image_171.jpg,2000,1000
Turtle,374,428,163,119,Image_172.jpg,1200,800
Turtle,1455,1128,376,341,Image_173.jpg,2522,3332
Turtle,1028,1503,1072,772,Image_174.jpg,4613,2968
Turtle,1433,431,454,369,Image_175.jpg,2500,1667
Turtle,415,373,299,212,Image_176.jpg,1536,1024
Turtle,297,170,204,182,Image_177.jpg,1000,664
Turtle,408,141,200,183,Image_178.jpg,869,574
Turtle,696,675,350,221,Image_179.jpg,2793,2090
Turtle,3232,770,828,861,Image_180.jpg,5616,2633
Turtle,443,224,177,187,Image_181.jpg,1200,630
Turtle,730,441,470,355,Image_182.jpg,2119,1414
Turtle,645,152,249,236,Image_183.jpeg,1200,800
Turtle,615,225,379,400,Image_184.jpg,1600,1070
Turtle,1883,617,1205,1166,Image_185.jpg,4752,3168
Turtle,430,139,220,217,Image_186.jpg,1024,686
Turtle,454,233,157,158,Image_187.jpg,900,586
Turtle,1748,563,1376,1545,Image_188.jpg,4631,3087
Turtle,243,33,81,85,Image_189.png,589,295
Turtle,442,25,35,40,Image_189.png,589,295
Turtle,665,120,188,183,Image_190.jpg,1156,650
Turtle,311,215,192,203,Image_191.jpg,1000,600
Turtle,232,188,151,154,Image_192.jpg,500,559
Turtle,390,191,309,275,Image_193.png,900,600
Turtle,279,169,175,165,Image_194.jpg,800,533
Turtle,508,246,327,213,Image_195.jpg,1200,900
Turtle,688,283,464,498,Image_196.jpg,1920,1080
Turtle,331,137,266,214,Image_197.jpg,845,563
Turtle,355,98,153,195,Image_198.jpg,728,486
Turtle,427,152,262,271,Image_199.jpg,1200,822
Turtle,38,84,221,154,Image_200.jpg,800,600
Turtle,464,131,289,298,Image_201.jpg,1600,1019
Turtle,248,384,808,578,Image_202.jpg,1512,1231
Turtle,653,292,311,323,Image_203.jpg,1600,1000
Turtle,356,125,211,189,Image_204.jpg,1280,720
Turtle,3374,1259,127,122,Image_205.jpg,3840,2160
Turtle,2844,1558,118,86,Image_205.jpg,3840,2160
Turtle,2450,933,598,525,Image_205.jpg,3840,2160
Turtle,449,287,168,159,Image_206.jpg,850,567
Turtle,417,3,406,501,Image_207.jpg,1280,720
Turtle,404,1016,813,581,Image_208.jpg,4601,3200
Turtle,908,459,667,518,Image_209.jpg,3008,2000
Turtle,614,315,192,158,Image_210.jpg,1400,933
Turtle,214,453,162,181,Image_211.jpg,2015,1510
Turtle,427,844,240,208,Image_211.jpg,2015,1510
Turtle,1785,1132,230,184,Image_211.jpg,2015,1510
Turtle,212,37,212,166,Image_212.jpg,900,521
Turtle,101,259,162,117,Image_213.jpg,900,600
Turtle,693,187,193,144,Image_214.jpg,1000,600
Turtle,379,340,344,218,Image_215.jpg,1904,803
Turtle,1186,1032,466,415,Image_216.jpg,2592,1944
Turtle,519,87,289,400,Image_217.jpg,1600,900
Turtle,987,144,251,350,Image_218.jpg,1686,1216
Turtle,512,84,149,190,Image_219.jpg,1200,630
Turtle,417,172,823,642,Image_220.jpg,1500,1000
Turtle,979,393,198,200,Image_221.jpg,2000,1000
Turtle,363,24,151,119,Image_222.jpg,550,380
Turtle,125,158,355,280,Image_223.jpg,1152,768
Turtle,1065,164,2478,2565,Image_224.jpg,4608,3072
Turtle,618,226,137,99,Image_225.jpg,1000,667
Turtle,222,211,131,162,Image_226.jpg,800,600
Turtle,369,59,185,144,Image_227.png,600,600
Turtle,593,86,219,170,Image_228.jpg,1068,601
Turtle,426,154,230,172,Image_229.jpg,1000,667
Turtle,432,149,666,614,Image_230.jpg,1152,763
Turtle,542,237,155,195,Image_231.jpg,990,681
Turtle,498,165,97,74,Image_232.jpg,660,438
Turtle,382,164,110,102,Image_233.jpg,900,600
Turtle,424,131,106,90,Image_234.jpg,759,422
Turtle,479,160,229,270,Image_235.jpg,981,650
Turtle,402,308,242,219,Image_236.jpg,1500,1000
Turtle,1293,636,179,163,Image_237.jpg,2304,1536
Turtle,188,103,336,275,Image_238.jpg,1024,670
Turtle,252,217,128,120,Image_239.jpg,775,518
Turtle,310,311,137,124,Image_240.jpg,966,642
Turtle,728,344,181,132,Image_241.jpg,1600,1000
Turtle,411,329,130,126,Image_242.jpg,800,600
Turtle,695,306,498,473,Image_243.jpg,1920,1080
Turtle,165,175,163,134,Image_244.jpg,728,500
Turtle,811,334,150,121,Image_245.jpg,1536,1024
Turtle,1842,2562,461,417,Image_246.jpg,2720,4080
Turtle,80,87,115,129,Image_247.jpg,637,450
Turtle,284,126,101,125,Image_248.jpg,775,518
Turtle,635,316,139,132,Image_249.jpg,1440,960
Turtle,453,146,136,124,Image_250.jpg,1024,512
Turtle,106,78,89,63,Image_251.jpg,475,264
Turtle,573,174,185,170,Image_252.jpg,1000,665
Turtle,801,532,1199,1483,Image_253.jpg,3072,2304
Turtle,198,344,275,188,Image_254.jpg,1024,768
Turtle,499,139,206,159,Image_255.jpg,800,600
Turtle,109,111,436,279,Image_256.jpg,800,533
Turtle,123,392,370,288,Image_257.jpg,1715,1286
Turtle,315,293,151,97,Image_258.jpg,1280,720
Turtle,331,23,627,495,Image_259.jpg,1190,595
Turtle,1620,544,836,648,Image_260.jpg,4100,2660
Turtle,342,124,187,201,Image_261.jpg,770,422
Turtle,440,201,200,193,Image_262.jpg,900,600
Turtle,105,108,136,128,Image_263.jpg,500,375
Turtle,337,278,241,222,Image_264.jpg,750,740
Turtle,632,446,216,193,Image_265.jpg,1024,672
Turtle,308,105,228,295,Image_266.jpg,1000,667
Turtle,397,5,81,66,Image_267.jpg,530,180
Turtle,761,272,350,289,Image_268.jpg,1200,906
Turtle,284,133,153,119,Image_269.jpg,800,505
Turtle,432,219,123,159,Image_270.jpg,900,600
Turtle,769,161,230,183,Image_271.jpg,1050,700
Turtle,353,106,308,278,Image_272.jpg,1024,670
Turtle,269,333,148,108,Image_273.jpg,900,599
Turtle,284,173,257,221,Image_274.jpg,1000,541
Turtle,396,186,154,123,Image_275.jpg,770,578
Turtle,296,365,192,149,Image_276.jpg,1024,683
Turtle,189,207,466,317,Image_277.jpg,1599,1065
Turtle,308,474,1500,1446,Image_278.JPG,2560,1920
Turtle,294,409,190,192,Image_279.jpg,1024,768
Turtle,537,205,307,271,Image_280.jpg,986,653
Turtle,663,235,370,320,Image_281.jpg,2121,1063
Turtle,1046,1200,987,856,Image_282.jpg,3840,2160
Turtle,66,147,119,97,Image_283.jpg,525,340
Turtle,556,181,102,89,Image_284.jpg,1000,700
Turtle,392,32,1107,976,Image_285.jpg,1920,1080
Turtle,296,89,173,163,Image_286.jpg,732,420
Turtle,440,366,211,215,Image_287.jpg,1024,683
Turtle,536,99,299,287,Image_288.jpg,1024,770
Turtle,2239,276,608,490,Image_289.jpg,3033,1757
Turtle,507,375,186,161,Image_290.jpg,1024,678
Turtle,466,125,112,77,Image_291.jpg,685,360
Turtle,329,262,133,132,Image_292.jpg,1000,667
Turtle,583,51,167,166,Image_293.jpg,930,500
Turtle,1295,648,323,228,Image_294.jpg,2106,1578
Turtle,956,255,214,167,Image_295.jpg,1600,1280
Turtle,364,182,478,432,Image_296.jpg,1280,854
Turtle,61,122,202,175,Image_297.jpg,600,350
Turtle,132,92,152,121,Image_298.jpg,500,333
Turtle,400,184,90,54,Image_299.jpg,800,600
Turtle,888,524,208,186,Image_300.jpg,1920,1200
Turtle,164,11,106,97,Image_301.jpg,498,272
Turtle,541,409,458,310,Image_302.JPG,1600,1467
Turtle,677,294,281,326,Image_303.jpg,1600,900
Turtle,73,73,92,87,Image_304.jpg,300,260
Turtle,326,274,91,72,Image_305.jpg,800,600
Turtle,301,239,270,224,Image_306.jpg,1000,664
Turtle,632,183,479,439,Image_307.jpg,2000,1000
Turtle,584,220,323,279,Image_308.jpg,924,924
Turtle,1055,1514,1088,762,Image_309.jpg,4613,2968
Turtle,297,170,222,198,Image_310.jpg,1000,664
Turtle,416,142,235,218,Image_311.jpg,1024,686
Turtle,401,137,209,191,Image_312.jpg,869,574
Turtle,420,361,281,228,Image_313.jpg,1536,1024
Turtle,727,438,435,347,Image_314.jpg,2119,1414
Turtle,1392,431,498,380,Image_315.jpg,2500,1667
Turtle,444,26,32,44,Image_316.png,589,295
Turtle,248,32,76,84,Image_316.png,589,295
Turtle,644,149,250,222,Image_317.jpeg,1200,800
Turtle,376,430,150,117,Image_318.jpg,1200,800
Turtle,327,136,267,225,Image_319.jpg,845,563
Turtle,232,191,149,159,Image_320.jpg,500,559
Turtle,712,187,175,140,Image_321.jpg,1000,600
Turtle,693,276,460,505,Image_322.jpg,1920,1080
Turtle,1731,558,1371,1540,Image_323.jpg,4631,3087
Turtle,614,317,192,150,Image_324.jpg,1400,933
Turtle,450,235,162,159,Image_325.jpg,900,586
Turtle,3232,764,874,868,Image_326.jpg,5616,2633
Turtle,36,84,223,158,Image_327.jpg,800,600
Turtle,459,275,154,172,Image_328.jpg,850,567
Turtle,517,241,321,225,Image_329.jpg,1200,900
Turtle,357,97,149,198,Image_330.jpg,728,486
Turtle,279,160,172,170,Image_331.jpg,800,533
Turtle,609,217,389,423,Image_332.jpg,1600,1070
Turtle,1426,1122,400,382,Image_333.jpg,2522,3332
Turtle,307,215,198,203,Image_334.jpg,1000,600
Turtle,420,2,398,545,Image_335.jpg,1280,720
Turtle,165,180,167,133,Image_336.jpg,728,500
Turtle,627,224,124,104,Image_337.jpg,1000,667
Turtle,658,293,294,321,Image_338.jpg,1600,1000
Turtle,700,660,402,265,Image_339.jpg,2793,2090
Turtle,474,126,274,319,Image_340.jpg,1600,1019
Turtle,367,23,147,126,Image_341.jpg,550,380
Turtle,427,1016,790,581,Image_342.jpg,4601,3200
Turtle,515,82,144,192,Image_343.jpg,1200,630
Turtle,215,39,206,166,Image_344.jpg,900,521
Turtle,379,59,175,144,Image_345.png,600,600
Turtle,211,6,363,420,Image_346.png,860,460
Turtle,402,7,75,58,Image_347.jpg,530,180
Turtle,358,125,201,183,Image_348.jpg,1280,720
Turtle,386,189,309,277,Image_349.png,900,600
Turtle,912,452,674,529,Image_350.jpg,3008,2000
Turtle,105,261,159,106,Image_351.jpg,900,600
Turtle,386,320,310,242,Image_352.jpg,1904,803
Turtle,414,132,116,89,Image_353.jpg,759,422
Turtle,69,86,203,158,Image_354.jpg,640,427
Turtle,251,217,129,130,Image_355.jpg,775,518
Turtle,108,80,92,59,Image_356.jpg,475,264
Turtle,218,211,131,146,Image_357.jpg,800,600
Turtle,1883,623,1199,1160,Image_358.jpg,4752,3168
Turtle,538,234,162,191,Image_359.jpg,990,681
Turtle,993,139,242,328,Image_360.jpg,1686,1216
Turtle,257,386,840,653,Image_361.jpg,1512,1231
Turtle,777,265,326,302,Image_362.jpg,1200,906
Turtle,2423,897,620,571,Image_363.jpg,3840,2160
Turtle,2839,1549,118,109,Image_363.jpg,3840,2160
Turtle,3383,1245,109,122,Image_363.jpg,3840,2160
Turtle,479,160,229,268,Image_364.jpg,981,650
Turtle,498,166,96,79,Image_365.jpg,660,438
Turtle,734,346,170,136,Image_366.jpg,1600,1000
Turtle,314,290,149,106,Image_367.jpg,1280,720
Turtle,450,218,170,191,Image_368.jpg,1200,630
Turtle,211,431,168,205,Image_369.jpg,2015,1510
Turtle,411,820,250,229,Image_369.jpg,2015,1510
Turtle,1774,1127,241,200,Image_369.jpg,2015,1510
Turtle,116,386,392,322,Image_370.jpg,1715,1286
Turtle,417,165,853,653,Image_371.jpg,1500,1000
Turtle,599,83,212,173,Image_372.jpg,1068,601
Turtle,829,179,139,107,Image_373.jpg,1080,522
Turtle,283,128,99,118,Image_374.jpg,775,518
Turtle,110,108,401,299,Image_375.jpg,800,533
Turtle,632,318,146,129,Image_376.jpg,1440,960
Turtle,1022,164,2543,2576,Image_377.jpg,4608,3072
Turtle,1234,1056,415,394,Image_378.jpg,2592,1944
Turtle,626,353,309,298,Image_379.jpg,2361,1176
Turtle,1828,2583,482,403,Image_380.jpg,2720,4080
Turtle,764,160,240,175,Image_381.jpg,1050,700
Turtle,498,74,164,139,Image_382.jpg,1024,335
Turtle,297,364,178,151,Image_383.jpg,1024,683
Turtle,439,203,201,191,Image_384.jpg,900,600
Turtle,398,179,89,66,Image_385.jpg,800,600
Turtle,797,339,159,116,Image_386.jpg,1536,1024
Turtle,382,161,121,121,Image_387.jpg,900,600
Turtle,73,72,90,92,Image_388.jpg,300,260
Turtle,283,171,255,237,Image_389.jpg,1000,541
Turtle,77,87,114,125,Image_390.jpg,637,450
Turtle,449,149,141,121,Image_391.jpg,1024,512
Turtle,231,18,250,255,Image_392.jpg,980,500
Turtle,317,156,168,183,Image_393.jpg,1200,735
Turtle,119,340,187,179,Image_394.jpg,735,1102
Turtle,112,92,82,72,Image_395.jpg,500,461
Turtle,441,370,210,210,Image_396.jpg,1024,683
Turtle,517,87,296,442,Image_397.jpg,1600,900
Turtle,443,305,174,163,Image_398.jpg,940,625
Turtle,881,517,215,215,Image_399.jpg,1920,1200
Turtle,318,202,235,208,Image_400.jpg,900,720
Turtle,633,450,208,171,Image_401.jpg,1024,672
Turtle,557,95,277,274,Image_402.jpg,1024,770
Turtle,473,123,104,82,Image_403.jpg,685,360
Turtle,114,205,104,88,Image_404.jpg,789,562
Turtle,1787,646,323,266,Image_405.jpg,2560,1440
Turtle,119,371,249,201,Image_406.jpg,1200,800
Turtle,491,123,138,122,Image_407.jpg,800,600
Turtle,429,153,719,607,Image_408.jpg,1152,763
Turtle,582,52,163,154,Image_409.jpg,930,500
Turtle,407,325,132,128,Image_410.jpg,800,600
Turtle,558,133,122,102,Image_411.jpg,759,500
Turtle,772,545,1247,1471,Image_412.jpg,3072,2304
Turtle,426,155,248,244,Image_413.jpg,1200,822
Turtle,574,183,83,81,Image_414.jpg,1000,700
Turtle,297,92,169,157,Image_415.jpg,732,420
Turtle,1002,388,167,200,Image_416.jpg,2000,1000
Turtle,389,84,110,73,Image_417.jpg,580,435
Turtle,313,308,146,126,Image_418.jpg,966,642
Turtle,86,18,99,74,Image_419.jpg,531,336
Turtle,130,91,155,121,Image_420.jpg,500,333
Turtle,697,302,500,485,Image_421.jpg,1920,1080
Turtle,387,107,180,169,Image_422.jpg,800,600
Turtle,176,353,215,164,Image_423.jpg,1200,900
Turtle,64,138,121,104,Image_424.jpg,525,340
Turtle,358,104,302,282,Image_425.jpg,1024,670
Turtle,405,306,229,218,Image_426.jpg,1500,1000
Turtle,675,292,291,321,Image_427.jpg,1600,900
Turtle,127,176,161,127,Image_428.jpg,900,695
Turtle,403,42,1064,967,Image_429.jpg,1920,1080
Turtle,136,38,135,138,Image_430.jpg,425,282
Turtle,58,8,88,87,Image_431.png,400,267
Turtle,332,36,124,79,Image_432.jpg,623,200
Turtle,505,370,193,166,Image_433.jpg,1024,678
Turtle,186,100,352,293,Image_434.jpg,1024,670
Turtle,164,9,102,97,Image_435.jpg,498,272
Turtle,386,22,570,523,Image_436.jpg,1190,595
Turtle,27,161,134,104,Image_437.jpg,575,383
Turtle,198,120,418,305,Image_438.jpg,800,533
Turtle,1622,532,887,704,Image_439.jpg,4100,2660
Turtle,240,71,332,347,Image_440.jpg,800,600
Turtle,372,120,162,115,Image_441.jpg,624,468
Turtle,2250,278,590,497,Image_442.jpg,3033,1757
Turtle,1418,1117,412,379,Image_443.jpg,2522,3332
Turtle,1026,1484,1071,797,Image_444.jpg,4613,2968
Turtle,1404,431,487,402,Image_445.jpg,2500,1667
Turtle,3232,773,874,861,Image_446.jpg,5616,2633
Turtle,415,347,305,245,Image_447.jpg,1536,1024
Turtle,371,138,239,194,Image_448.jpg,869,574
Turtle,297,169,230,199,Image_449.jpg,1000,664
Turtle,613,216,388,420,Image_450.jpg,1600,1070
Turtle,727,435,471,338,Image_451.jpg,2119,1414
Turtle,451,223,164,183,Image_452.jpg,1200,630
Turtle,422,139,230,213,Image_453.jpg,1024,686
Turtle,649,149,246,240,Image_454.jpeg,1200,800
Turtle,1898,609,1193,1174,Image_455.jpg,4752,3168
Turtle,450,233,165,157,Image_456.jpg,900,586
Turtle,230,191,152,162,Image_457.jpg,500,559
Turtle,244,33,79,80,Image_458.png,589,295
Turtle,445,27,33,40,Image_458.png,589,295
Turtle,319,227,33,28,Image_458.png,589,295
Turtle,426,155,249,236,Image_459.jpg,1200,822
Turtle,1737,547,1393,1567,Image_460.jpg,4631,3087
Turtle,327,138,271,229,Image_461.jpg,845,563
Turtle,524,243,314,225,Image_462.jpg,1200,900
Turtle,308,212,199,203,Image_463.jpg,1000,600
Turtle,281,164,175,168,Image_464.jpg,800,533
Turtle,385,189,315,274,Image_465.png,900,600
Turtle,704,667,394,243,Image_466.jpg,2793,2090
Turtle,697,278,455,498,Image_467.jpg,1920,1080
Turtle,989,139,249,341,Image_468.jpg,1686,1216
Turtle,663,118,189,183,Image_469.jpg,1156,650
Turtle,36,85,224,169,Image_470.jpg,800,600
Turtle,360,98,146,191,Image_471.jpg,728,486
Turtle,468,131,274,308,Image_472.jpg,1600,1019
Turtle,241,389,864,580,Image_473.jpg,1512,1231
Turtle,651,288,304,323,Image_474.jpg,1600,1000
Turtle,449,275,167,173,Image_475.jpg,850,567
Turtle,222,442,157,183,Image_476.jpg,2015,1510
Turtle,431,835,212,221,Image_476.jpg,2015,1510
Turtle,1808,1123,207,189,Image_476.jpg,2015,1510
Turtle,2382,878,657,598,Image_477.jpg,3840,2160
Turtle,2844,1549,131,122,Image_477.jpg,3840,2160
Turtle,3383,1254,113,118,Image_477.jpg,3840,2160
Turtle,359,121,201,193,Image_478.jpg,1280,720
Turtle,417,2,405,515,Image_479.jpg,1280,720
Turtle,903,455,663,520,Image_480.jpg,3008,2000
Turtle,624,318,182,155,Image_481.jpg,1400,933
Turtle,420,1011,820,580,Image_482.jpg,4601,3200
Turtle,103,258,150,119,Image_483.jpg,900,600
Turtle,710,183,176,150,Image_484.jpg,1000,600
Turtle,386,338,305,220,Image_485.jpg,1904,803
Turtle,213,36,211,187,Image_486.jpg,900,521
Turtle,515,78,144,195,Image_487.jpg,1200,630
Turtle,1221,1038,431,423,Image_488.jpg,2592,1944
Turtle,517,85,294,440,Image_489.jpg,1600,900
Turtle,419,166,865,649,Image_490.jpg,1500,1000
Turtle,979,383,193,208,Image_491.jpg,2000,1000
Turtle,362,21,153,139,Image_492.jpg,550,380
Turtle,117,154,367,277,Image_493.jpg,1152,768
Turtle,1031,148,2527,2569,Image_494.jpg,4608,3072
Turtle,618,224,144,104,Image_495.jpg,1000,667
Turtle,218,212,131,148,Image_496.jpg,800,600
Turtle,365,59,190,149,Image_497.png,600,600
Turtle,582,83,232,165,Image_498.jpg,1068,601
Turtle,413,153,245,176,Image_499.jpg,1000,667
Turtle,429,146,720,617,Image_500.jpg,1152,763
Turtle,537,235,163,188,Image_501.jpg,990,681
Turtle,492,165,105,83,Image_502.jpg,660,438
Turtle,383,162,119,119,Image_503.jpg,900,600
Turtle,407,130,121,91,Image_504.jpg,759,422
Turtle,475,159,233,273,Image_505.jpg,981,650
Turtle,403,310,245,214,Image_506.jpg,1500,1000
Turtle,1285,642,189,157,Image_507.jpg,2304,1536
Turtle,182,102,367,279,Image_508.jpg,1024,670
Turtle,250,218,133,133,Image_509.jpg,775,518
Turtle,310,310,148,129,Image_510.jpg,966,642
Turtle,731,345,177,143,Image_511.jpg,1600,1000
Turtle,407,323,135,129,Image_512.jpg,800,600
Turtle,684,312,514,478,Image_513.jpg,1920,1080
Turtle,164,176,179,139,Image_514.jpg,728,500
Turtle,796,337,164,118,Image_515.jpg,1536,1024
Turtle,1769,2547,527,425,Image_516.jpg,2720,4080
Turtle,79,87,116,127,Image_517.jpg,637,450
Turtle,283,130,101,117,Image_518.jpg,775,518
Turtle,626,322,150,120,Image_519.jpg,1440,960
Turtle,454,150,138,122,Image_520.jpg,1024,512
Turtle,107,78,94,65,Image_521.jpg,475,264
Turtle,585,176,173,172,Image_522.jpg,1000,665
Turtle,777,533,1230,1474,Image_523.jpg,3072,2304
Turtle,198,339,271,198,Image_524.jpg,1024,768
Turtle,497,143,213,165,Image_525.jpg,800,600
Turtle,106,113,409,284,Image_526.jpg,800,533
Turtle,114,387,377,302,Image_527.jpg,1715,1286
Turtle,315,293,140,100,Image_528.jpg,1280,720
Turtle,355,20,599,535,Image_529.jpg,1190,595
Turtle,1614,533,846,543,Image_530.jpg,4100,2660
Turtle,340,124,188,194,Image_531.jpg,770,422
Turtle,436,199,203,193,Image_532.jpg,900,600
Turtle,103,108,141,127,Image_533.jpg,500,375
Turtle,335,278,240,217,Image_534.jpg,750,740
Turtle,626,447,218,193,Image_535.jpg,1024,672
Turtle,310,111,224,275,Image_536.jpg,1000,667
Turtle,395,7,83,64,Image_537.jpg,530,180
Turtle,762,276,346,290,Image_538.jpg,1200,906
Turtle,283,133,152,119,Image_539.jpg,800,505
Turtle,432,217,120,160,Image_540.jpg,900,600
Turtle,768,161,231,187,Image_541.jpg,1050,700
Turtle,351,102,311,285,Image_542.jpg,1024,670
Turtle,269,329,150,112,Image_543.jpg,900,599
Turtle,283,166,264,229,Image_544.jpg,1000,541
Turtle,394,185,154,129,Image_545.jpg,770,578
Turtle,297,355,180,158,Image_546.jpg,1024,683
Turtle,180,197,501,316,Image_547.jpg,1599,1065
Turtle,289,448,1528,1472,Image_548.JPG,2560,1920
Turtle,293,411,176,191,Image_549.jpg,1024,768
Turtle,541,206,302,268,Image_550.jpg,986,653
Turtle,658,240,378,305,Image_551.jpg,2121,1063
Turtle,1838,412,362,263,Image_552.jpg,3840,2160
Turtle,1055,1173,946,883,Image_552.jpg,3840,2160
Turtle,63,141,118,102,Image_553.jpg,525,340
Turtle,565,179,92,84,Image_554.jpg,1000,700
Turtle,394,41,1082,974,Image_555.jpg,1920,1080
Turtle,297,91,173,161,Image_556.jpg,732,420
Turtle,442,374,209,207,Image_557.jpg,1024,683
Turtle,561,95,276,285,Image_558.jpg,1024,770
Turtle,2235,265,608,515,Image_559.jpg,3033,1757
Turtle,517,372,183,163,Image_560.jpg,1024,678
Turtle,469,121,113,82,Image_561.jpg,685,360
Turtle,329,261,134,141,Image_562.jpg,1000,667
Turtle,576,51,172,173,Image_563.jpg,930,500
Turtle,1275,642,350,249,Image_564.jpg,2106,1578
Turtle,950,264,219,158,Image_565.jpg,1600,1280
Turtle,385,178,454,421,Image_566.jpg,1280,854
Turtle,62,121,186,173,Image_567.jpg,600,350
Turtle,129,92,156,121,Image_568.jpg,500,333
Turtle,405,175,82,69,Image_569.jpg,800,600
Turtle,881,523,215,190,Image_570.jpg,1920,1200
Turtle,166,9,103,103,Image_571.jpg,498,272
Turtle,563,404,441,325,Image_572.JPG,1600,1467
Turtle,672,287,292,321,Image_573.jpg,1600,900
Turtle,73,72,93,90,Image_574.jpg,300,260
Turtle,324,273,95,68,Image_575.jpg,800,600
Turtle,295,235,306,281,Image_576.jpg,1000,664
Turtle,321,156,160,183,Image_577.jpg,1200,735
Turtle,1414,434,479,337,Image_578.jpg,2500,1667
Turtle,632,180,486,429,Image_579.jpg,2000,1000
Turtle,1020,1487,1109,806,Image_580.jpg,4613,2968
Turtle,389,1005,894,592,Image_581.jpg,4601,3200
Turtle,635,146,261,247,Image_582.jpeg,1200,800
Turtle,308,213,200,203,Image_583.jpg,1000,600
Turtle,386,136,223,198,Image_584.jpg,869,574
Turtle,1415,1117,437,366,Image_585.jpg,2522,3332
Turtle,372,421,160,133,Image_586.jpg,1200,800
Turtle,413,369,274,217,Image_587.jpg,1536,1024
Turtle,700,656,358,274,Image_588.jpg,2793,2090
Turtle,474,126,267,310,Image_589.jpg,1600,1019
Turtle,356,130,220,184,Image_590.jpg,1280,720
Turtle,709,187,178,142,Image_591.jpg,1000,600
Turtle,664,123,189,184,Image_592.jpg,1156,650
Turtle,291,169,226,198,Image_593.jpg,1000,664
Turtle,654,283,308,331,Image_594.jpg,1600,1000
Turtle,403,306,224,216,Image_595.jpg,1500,1000
Turtle,1733,535,1380,1582,Image_596.jpg,4631,3087
Turtle,697,283,460,496,Image_597.jpg,1920,1080
Turtle,730,436,439,338,Image_598.jpg,2119,1414
Turtle,508,243,329,218,Image_599.jpg,1200,900
Turtle,601,221,308,240,Image_600.jpg,924,924
Turtle,608,221,390,427,Image_601.jpg,1600,1070
Turtle,998,148,239,319,Image_602.jpg,1686,1216
Turtle,727,345,189,131,Image_603.jpg,1600,1000
Turtle,761,274,349,295,Image_604.jpg,1200,906
Turtle,1025,160,2563,2604,Image_605.jpg,4608,3072
Turtle,395,318,146,135,Image_606.jpg,800,600
Turtle,1172,1011,483,438,Image_607.jpg,2592,1944
Turtle,475,158,233,273,Image_608.jpg,981,650
Turtle,114,391,396,297,Image_609.jpg,1715,1286
Turtle,426,141,226,223,Image_610.jpg,1024,686
Turtle,364,23,149,123,Image_611.jpg,550,380
Turtle,241,33,83,78,Image_612.png,589,295
Turtle,440,28,42,39,Image_612.png,589,295
Turtle,512,78,147,202,Image_613.jpg,1200,630
Turtle,965,254,200,158,Image_614.jpg,1600,1280
Turtle,248,384,859,657,Image_615.jpg,1512,1231
Turtle,907,443,674,539,Image_616.jpg,3008,2000
Turtle,409,128,121,93,Image_617.jpg,759,422
Turtle,225,186,157,171,Image_618.jpg,500,559
Turtle,620,314,157,142,Image_619.jpg,1440,960
Turtle,426,164,794,644,Image_620.jpg,1500,1000
Turtle,288,104,141,182,Image_621.jpg,800,533
Turtle,567,114,42,41,Image_621.jpg,800,533
Turtle,0,406,55,90,Image_621.jpg,800,533
Turtle,247,218,136,153,Image_622.jpg,775,518
Turtle,629,449,216,177,Image_623.jpg,1024,672
Turtle,215,120,118,87,Image_624.jpg,598,325
Turtle,296,357,176,158,Image_625.jpg,1024,683
Turtle,378,160,121,121,Image_626.jpg,900,600
Turtle,278,171,270,233,Image_627.jpg,1000,541
Turtle,382,331,344,222,Image_628.jpg,1904,803
Turtle,452,234,161,163,Image_629.jpg,900,586
Turtle,285,437,1424,1472,Image_630.JPG,2560,1920
Turtle,2409,928,634,548,Image_631.jpg,3840,2160
Turtle,2835,1531,136,140,Image_631.jpg,3840,2160
Turtle,3360,1250,154,113,Image_631.jpg,3840,2160
Turtle,107,77,86,64,Image_632.jpg,475,264
Turtle,388,80,113,78,Image_633.jpg,580,435
Turtle,328,35,130,82,Image_634.jpg,623,200
Turtle,1282,636,198,163,Image_635.jpg,2304,1536
Turtle,491,164,105,81,Image_636.jpg,660,438
Turtle,453,273,162,175,Image_637.jpg,850,567
Turtle,649,105,370,507,Image_638.jpg,2000,1000
Turtle,965,388,215,200,Image_639.jpg,2000,1000
Turtle,364,58,194,145,Image_640.png,600,600
Turtle,470,121,108,82,Image_641.jpg,685,360
Turtle,629,342,340,326,Image_642.jpg,2361,1176
Turtle,395,3,82,69,Image_643.jpg,530,180
Turtle,210,451,177,180,Image_644.jpg,2015,1510
Turtle,426,835,224,215,Image_644.jpg,2015,1510
Turtle,1781,1138,234,177,Image_644.jpg,2015,1510
Turtle,377,185,321,280,Image_645.png,900,600
Turtle,492,370,204,167,Image_646.jpg,1024,678
Turtle,136,55,601,574,Image_647.jpg,1000,750
Turtle,185,103,364,275,Image_648.jpg,1024,670
Turtle,38,81,245,164,Image_649.jpg,800,600
Turtle,212,36,225,172,Image_650.jpg,900,521
Turtle,165,355,269,163,Image_651.jpg,1200,900
Turtle,93,87,76,60,Image_652.jpg,450,300
Turtle,266,202,188,122,Image_653.jpg,1000,667
Turtle,395,184,97,52,Image_654.jpg,800,600
Turtle,622,226,132,99,Image_655.jpg,1000,667
Turtle,1625,543,830,615,Image_656.jpg,4100,2660
Turtle,438,368,215,220,Image_657.jpg,1024,683
Turtle,230,18,245,232,Image_658.jpg,980,500
Turtle,554,99,282,289,Image_659.jpg,1024,770
Turtle,804,331,154,126,Image_660.jpg,1536,1024
Turtle,333,22,623,533,Image_661.jpg,1190,595
Turtle,429,150,723,610,Image_662.jpg,1152,763
Turtle,119,155,364,283,Image_663.jpg,1152,768
Turtle,100,262,147,112,Image_664.jpg,900,600
Turtle,211,6,363,426,Image_665.png,860,460
Turtle,881,523,217,201,Image_666.jpg,1920,1200
Turtle,865,197,166,123,Image_667.jpg,1600,1200
Turtle,627,460,298,215,Image_667.jpg,1600,1200
Turtle,500,72,161,145,Image_668.jpg,1024,335
Turtle,180,386,208,271,Image_669.jpg,1536,1028
Turtle,583,81,230,179,Image_670.jpg,1068,601
Turtle,310,308,143,130,Image_671.jpg,966,642
Turtle,250,69,321,349,Image_672.jpg,800,600
Turtle,426,149,241,230,Image_673.jpg,1200,822
Turtle,319,75,99,98,Image_674.jpg,479,313
Turtle,1633,842,291,232,Image_675.jpg,2100,1400
Turtle,117,329,193,195,Image_676.jpg,735,1102
Turtle,370,117,164,115,Image_677.jpg,624,468
Turtle,444,221,183,190,Image_678.jpg,1200,630
Turtle,72,113,75,49,Image_679.jpg,350,219
Turtle,108,109,405,295,Image_680.jpg,800,533
Turtle,135,38,135,144,Image_681.jpg,425,282
Turtle,660,189,525,516,Image_682.jpg,1366,917
Turtle,112,131,106,95,Image_683.jpg,800,544
Turtle,370,183,472,355,Image_684.jpg,1280,854
Turtle,576,54,174,158,Image_685.jpg,930,500
Turtle,389,32,1184,985,Image_686.jpg,1920,1080
Turtle,160,176,170,137,Image_687.jpg,728,500
Turtle,534,235,167,190,Image_688.jpg,990,681
Turtle,109,90,74,68,Image_689.jpg,500,461
Turtle,336,129,265,221,Image_690.jpg,845,563
Turtle,314,157,173,181,Image_691.jpg,1200,735
Turtle,637,281,112,94,Image_692.jpg,900,678
Turtle,353,97,157,211,Image_693.jpg,728,486
Turtle,227,54,189,191,Image_694.png,449,252
Turtle,650,235,353,315,Image_695.jpg,2121,1063
Turtle,489,298,141,138,Image_696.jpg,1024,670
Turtle,487,120,141,126,Image_697.jpg,800,600
Turtle,113,373,262,202,Image_698.jpg,1200,800
Turtle,2235,269,612,522,Image_699.jpg,3033,1757
Turtle,276,744,67,57,Image_700.jpg,1280,960
Turtle,200,191,109,92,Image_700.jpg,1280,960
Turtle,1143,668,65,59,Image_700.jpg,1280,960
Turtle,408,5,421,528,Image_701.jpg,1280,720
Turtle,315,291,142,98,Image_702.jpg,1280,720
Turtle,320,272,99,75,Image_703.jpg,800,600
Turtle,194,339,286,198,Image_704.jpg,1024,768
Turtle,672,291,294,319,Image_705.jpg,1600,900
Turtle,781,537,1243,1492,Image_706.jpg,3072,2304
Turtle,493,482,114,89,Image_707.jpg,750,1000
Turtle,63,136,121,111,Image_708.jpg,525,340
Turtle,820,191,218,210,Image_709.jpg,1200,900
Turtle,279,131,158,127,Image_710.jpg,800,505
Turtle,1785,2539,511,472,Image_711.jpg,2720,4080
Turtle,750,230,116,112,Image_712.jpg,1024,516
Turtle,557,183,103,78,Image_713.jpg,1000,700
Turtle,812,179,176,172,Image_714.jpg,1120,922
Turtle,164,9,103,101,Image_715.jpg,498,272
Turtle,294,166,221,201,Image_716.jpg,1000,664
Turtle,418,139,233,235,Image_717.jpg,1024,686
Turtle,398,139,211,199,Image_718.jpg,869,574
Turtle,1407,421,491,437,Image_719.jpg,2500,1667
Turtle,407,353,310,239,Image_720.jpg,1536,1024
Turtle,724,436,466,335,Image_721.jpg,2119,1414
Turtle,596,212,312,276,Image_722.jpg,924,924
Turtle,245,33,78,83,Image_723.png,589,295
Turtle,442,26,40,39,Image_723.png,589,295
Turtle,649,146,247,234,Image_724.jpeg,1200,800
Turtle,336,135,265,223,Image_725.jpg,845,563
Turtle,3212,737,821,914,Image_726.jpg,5616,2633
Turtle,228,192,155,165,Image_727.jpg,500,559
Turtle,450,231,161,161,Image_728.jpg,900,586
Turtle,35,77,225,175,Image_729.jpg,800,600
Turtle,695,272,466,512,Image_730.jpg,1920,1080
Turtle,1721,535,1433,1606,Image_731.jpg,4631,3087
Turtle,451,287,164,162,Image_732.jpg,850,567
Turtle,627,221,127,105,Image_733.jpg,1000,667
Turtle,628,315,180,153,Image_734.jpg,1400,933
Turtle,162,173,174,146,Image_735.jpg,728,500
Turtle,606,216,400,437,Image_736.jpg,1600,1070
Turtle,512,241,326,229,Image_737.jpg,1200,900
Turtle,655,283,308,331,Image_738.jpg,1600,1000
Turtle,108,78,93,63,Image_739.jpg,475,264
Turtle,357,100,152,193,Image_740.jpg,728,486
Turtle,277,169,181,166,Image_741.jpg,800,533
Turtle,1447,1117,404,366,Image_742.jpg,2522,3332
Turtle,309,210,197,212,Image_743.jpg,1000,600
Turtle,423,5,405,515,Image_744.jpg,1280,720
Turtle,466,128,279,306,Image_745.jpg,1600,1019
Turtle,374,59,182,148,Image_746.png,600,600
Turtle,688,664,370,230,Image_747.jpg,2793,2090
Turtle,711,186,173,144,Image_748.jpg,1000,600
Turtle,213,5,364,432,Image_749.png,860,460
Turtle,362,22,152,144,Image_750.jpg,550,380
Turtle,377,188,323,282,Image_751.png,900,600
Turtle,212,34,213,184,Image_752.jpg,900,521
Turtle,509,81,153,198,Image_753.jpg,1200,630
Turtle,401,993,839,617,Image_754.jpg,4601,3200
Turtle,97,258,153,120,Image_755.jpg,900,600
Turtle,907,443,713,555,Image_756.jpg,3008,2000
Turtle,394,7,83,60,Image_757.jpg,530,180
Turtle,248,212,142,147,Image_758.jpg,775,518
Turtle,352,122,208,192,Image_759.jpg,1280,720
Turtle,388,324,292,231,Image_760.jpg,1904,803
Turtle,413,129,117,95,Image_761.jpg,759,422
Turtle,63,82,205,165,Image_762.jpg,640,427
Turtle,215,212,141,155,Image_763.jpg,800,600
Turtle,1882,604,1227,1190,Image_764.jpg,4752,3168
Turtle,536,230,164,198,Image_765.jpg,990,681
Turtle,988,138,258,337,Image_766.jpg,1686,1216
Turtle,253,372,825,678,Image_767.jpg,1512,1231
Turtle,755,269,361,309,Image_768.jpg,1200,906
Turtle,2409,897,634,571,Image_769.jpg,3840,2160
Turtle,2848,1549,109,91,Image_769.jpg,3840,2160
Turtle,3355,1250,154,118,Image_769.jpg,3840,2160
Turtle,475,149,232,287,Image_770.jpg,981,650
Turtle,502,162,93,83,Image_771.jpg,660,438
Turtle,736,339,166,129,Image_772.jpg,1600,1000
Turtle,317,290,130,106,Image_773.jpg,1280,720
Turtle,279,149,220,205,Image_774.jpg,900,600
Turtle,443,215,191,195,Image_775.jpg,1200,630
Turtle,199,434,192,201,Image_776.jpg,2015,1510
Turtle,426,847,221,207,Image_776.jpg,2015,1510
Turtle,1805,1126,210,201,Image_776.jpg,2015,1510
Turtle,122,382,414,310,Image_777.jpg,1715,1286
Turtle,411,152,821,667,Image_778.jpg,1500,1000
Turtle,598,79,213,175,Image_779.jpg,1068,601
Turtle,827,175,145,111,Image_780.jpg,1080,522
Turtle,282,123,105,124,Image_781.jpg,775,518
Turtle,108,106,426,304,Image_782.jpg,800,533
Turtle,624,309,155,142,Image_783.jpg,1440,960
Turtle,1132,136,2480,2628,Image_784.jpg,4608,3072
Turtle,1255,1041,416,405,Image_785.jpg,2592,1944
Turtle,638,353,290,290,Image_786.jpg,2361,1176
Turtle,1847,2571,472,409,Image_787.jpg,2720,4080
Turtle,762,155,239,193,Image_788.jpg,1050,700
Turtle,496,75,161,138,Image_789.jpg,1024,335
Turtle,291,372,178,146,Image_790.jpg,1024,683
Turtle,433,198,207,213,Image_791.jpg,900,600
Turtle,400,186,89,59,Image_792.jpg,800,600
Turtle,800,329,158,130,Image_793.jpg,1536,1024
Turtle,377,161,121,112,Image_794.jpg,900,600
Turtle,71,73,94,87,Image_795.jpg,300,260
Turtle,276,171,264,222,Image_796.jpg,1000,541
Turtle,75,88,119,121,Image_797.jpg,637,450
Turtle,444,147,145,116,Image_798.jpg,1024,512
Turtle,231,19,227,224,Image_799.jpg,980,500
Turtle,315,159,170,178,Image_800.jpg,1200,735
Turtle,115,335,185,189,Image_801.jpg,735,1102
Turtle,107,87,74,79,Image_802.jpg,500,461
Turtle,438,368,215,213,Image_803.jpg,1024,683
Turtle,504,79,321,391,Image_804.jpg,1600,900
Turtle,440,300,194,170,Image_805.jpg,940,625
Turtle,868,516,238,199,Image_806.jpg,1920,1200
Turtle,315,197,223,223,Image_807.jpg,900,720
Turtle,629,460,219,179,Image_808.jpg,1024,672
Turtle,549,95,288,291,Image_809.jpg,1024,770
Turtle,466,122,114,83,Image_810.jpg,685,360
Turtle,112,204,101,94,Image_811.jpg,789,562
Turtle,1775,643,326,278,Image_812.jpg,2560,1440
Turtle,119,359,251,222,Image_813.jpg,1200,800
Turtle,483,124,143,123,Image_814.jpg,800,600
Turtle,422,143,728,620,Image_815.jpg,1152,763
Turtle,575,52,180,163,Image_816.jpg,930,500
Turtle,407,327,135,125,Image_817.jpg,800,600
Turtle,541,134,139,102,Image_818.jpg,759,500
Turtle,781,502,1243,1509,Image_819.jpg,3072,2304
Turtle,423,147,276,276,Image_820.jpg,1200,822
Turtle,559,182,103,81,Image_821.jpg,1000,700
Turtle,292,87,174,168,Image_822.jpg,732,420
Turtle,972,388,198,191,Image_823.jpg,2000,1000
Turtle,384,80,117,83,Image_824.jpg,580,435
Turtle,309,306,152,130,Image_825.jpg,966,642
Turtle,85,16,96,74,Image_826.jpg,531,336
Turtle,129,87,162,128,Image_827.jpg,500,333
Turtle,697,299,525,505,Image_828.jpg,1920,1080
Turtle,393,112,171,171,Image_829.jpg,800,600
Turtle,177,349,243,177,Image_830.jpg,1200,900
Turtle,63,144,123,103,Image_831.jpg,525,340
Turtle,351,92,314,296,Image_832.jpg,1024,670
Turtle,405,299,231,239,Image_833.jpg,1500,1000
Turtle,674,279,296,334,Image_834.jpg,1600,900
Turtle,122,174,151,130,Image_835.jpg,900,695
Turtle,389,25,1082,985,Image_836.jpg,1920,1080
Turtle,136,32,135,147,Image_837.jpg,425,282
Turtle,58,8,86,75,Image_838.png,400,267
Turtle,335,33,123,82,Image_839.jpg,623,200
Turtle,517,371,176,167,Image_840.jpg,1024,678
Turtle,185,101,342,284,Image_841.jpg,1024,670
Turtle,165,7,106,98,Image_842.jpg,498,272
Turtle,354,18,608,537,Image_843.jpg,1190,595
Turtle,26,165,123,103,Image_844.jpg,575,383
Turtle,196,120,421,315,Image_845.jpg,800,533
Turtle,1630,538,861,600,Image_846.jpg,4100,2660
Turtle,240,68,332,356,Image_847.jpg,800,600
Turtle,380,113,157,128,Image_848.jpg,624,468
Turtle,2239,265,612,511,Image_849.jpg,3033,1757
Turtle,110,129,117,110,Image_850.jpg,800,544
Turtle,1285,624,186,183,Image_851.jpg,2304,1536
Turtle,1353,421,549,421,Image_852.jpg,2500,1667
Turtle,1008,1487,1115,806,Image_853.jpg,4613,2968
Turtle,413,347,304,249,Image_854.jpg,1536,1024
Turtle,395,136,217,205,Image_855.jpg,869,574
Turtle,295,164,230,212,Image_856.jpg,1000,664
Turtle,600,214,404,443,Image_857.jpg,1600,1070
Turtle,419,140,230,226,Image_858.jpg,1024,686
Turtle,449,231,166,164,Image_859.jpg,900,586
Turtle,733,436,447,330,Image_860.jpg,2119,1414
Turtle,1888,598,1202,1196,Image_861.jpg,4752,3168
Turtle,447,221,181,190,Image_862.jpg,1200,630
Turtle,688,656,419,294,Image_863.jpg,2793,2090
Turtle,242,31,83,87,Image_864.png,589,295
Turtle,442,28,36,37,Image_864.png,589,295
Turtle,227,188,155,165,Image_865.jpg,500,559
Turtle,637,146,264,256,Image_866.jpeg,1200,800
Turtle,486,241,355,227,Image_867.jpg,1200,900
Turtle,280,167,174,168,Image_868.jpg,800,533
Turtle,1733,512,1416,1618,Image_869.jpg,4631,3087
Turtle,339,129,263,247,Image_870.jpg,845,563
Turtle,390,188,308,282,Image_871.png,900,600
Turtle,353,93,154,201,Image_872.jpg,728,486
Turtle,305,209,200,202,Image_873.jpg,1000,600
Turtle,652,118,204,184,Image_874.jpg,1156,650
Turtle,423,146,236,261,Image_875.jpg,1200,822
Turtle,702,263,457,516,Image_876.jpg,1920,1080
Turtle,34,83,216,165,Image_877.jpg,800,600
Turtle,1002,138,241,316,Image_878.jpg,1686,1216
Turtle,419,158,796,671,Image_879.jpg,1500,1000
Turtle,251,382,856,683,Image_880.jpg,1512,1231
Turtle,468,135,281,298,Image_881.jpg,1600,1019
Turtle,648,285,320,335,Image_882.jpg,1600,1000
Turtle,451,269,165,179,Image_883.jpg,850,567
Turtle,3365,1259,136,113,Image_884.jpg,3840,2160
Turtle,2848,1544,100,95,Image_884.jpg,3840,2160
Turtle,2373,883,670,584,Image_884.jpg,3840,2160
Turtle,196,451,192,186,Image_885.jpg,2015,1510
Turtle,426,835,233,221,Image_885.jpg,2015,1510
Turtle,1776,1126,239,204,Image_885.jpg,2015,1510
Turtle,356,110,208,216,Image_886.jpg,1280,720
Turtle,911,451,686,551,Image_887.jpg,3008,2000
Turtle,412,3,415,516,Image_888.jpg,1280,720
Turtle,401,1005,839,598,Image_889.jpg,4601,3200
Turtle,605,302,209,169,Image_890.jpg,1400,933
Turtle,100,253,150,129,Image_891.jpg,900,600
Turtle,210,34,208,184,Image_892.jpg,900,521
Turtle,689,185,198,147,Image_893.jpg,1000,600
Turtle,377,311,377,263,Image_894.jpg,1904,803
Turtle,264,199,209,132,Image_895.jpg,1000,667
Turtle,509,79,150,200,Image_896.jpg,1200,630
Turtle,364,21,152,149,Image_897.jpg,550,380
Turtle,508,79,315,445,Image_898.jpg,1600,900
Turtle,1266,1015,393,438,Image_899.jpg,2592,1944
Turtle,972,390,200,189,Image_900.jpg,2000,1000
Turtle,111,141,400,308,Image_901.jpg,1152,768
Turtle,1002,130,2622,2675,Image_902.jpg,4608,3072
Turtle,629,224,127,107,Image_903.jpg,1000,667
Turtle,214,207,138,158,Image_904.jpg,800,600
Turtle,384,51,170,156,Image_905.png,600,600
Turtle,608,78,208,175,Image_906.jpg,1068,601
Turtle,428,148,231,197,Image_907.jpg,1000,667
Turtle,417,138,735,625,Image_908.jpg,1152,763
Turtle,524,227,181,210,Image_909.jpg,990,681
Turtle,491,161,106,83,Image_910.jpg,660,438
Turtle,379,151,127,139,Image_911.jpg,900,600
Turtle,410,125,121,100,Image_912.jpg,759,422
Turtle,472,149,239,283,Image_913.jpg,981,650
Turtle,395,297,235,233,Image_914.jpg,1500,1000
Turtle,1282,633,195,169,Image_915.jpg,2304,1536
Turtle,187,92,359,309,Image_916.jpg,1024,670
Turtle,245,215,141,146,Image_917.jpg,775,518
Turtle,306,306,147,135,Image_918.jpg,966,642
Turtle,725,337,195,166,Image_919.jpg,1600,1000
Turtle,399,319,145,136,Image_920.jpg,800,600
Turtle,688,299,514,503,Image_921.jpg,1920,1080
Turtle,159,171,185,147,Image_922.jpg,728,500
Turtle,794,329,166,128,Image_923.jpg,1536,1024
Turtle,1792,2523,511,487,Image_924.jpg,2720,4080
Turtle,77,86,121,134,Image_925.jpg,637,450
Turtle,279,123,109,124,Image_926.jpg,775,518
Turtle,618,314,161,128,Image_927.jpg,1440,960
Turtle,455,144,139,130,Image_928.jpg,1024,512
Turtle,108,76,86,69,Image_929.jpg,475,264
Turtle,577,164,187,192,Image_930.jpg,1000,665
Turtle,764,488,1252,1532,Image_931.jpg,3072,2304
Turtle,197,330,300,207,Image_932.jpg,1024,768
Turtle,497,141,210,164,Image_933.jpg,800,600
Turtle,105,109,394,288,Image_934.jpg,800,533
Turtle,114,374,382,327,Image_935.jpg,1715,1286
Turtle,320,281,133,125,Image_936.jpg,1280,720
Turtle,351,13,612,525,Image_937.jpg,1190,595
Turtle,1609,518,876,574,Image_938.jpg,4100,2660
Turtle,337,129,194,193,Image_939.jpg,770,422
Turtle,429,197,210,200,Image_940.jpg,900,600
Turtle,103,102,141,140,Image_941.jpg,500,375
Turtle,334,275,244,224,Image_942.jpg,750,740
Turtle,635,439,212,203,Image_943.jpg,1024,672
Turtle,310,109,233,299,Image_944.jpg,1000,667
Turtle,403,5,77,64,Image_945.jpg,530,180
Turtle,762,265,351,304,Image_946.jpg,1200,906
Turtle,285,132,143,122,Image_947.jpg,800,505
Turtle,422,215,140,164,Image_948.jpg,900,600
Turtle,760,150,243,193,Image_949.jpg,1050,700
Turtle,355,103,307,284,Image_950.jpg,1024,670
Turtle,268,317,160,126,Image_951.jpg,900,599
Turtle,283,164,257,233,Image_952.jpg,1000,541
Turtle,389,176,156,136,Image_953.jpg,770,578
Turtle,296,350,178,167,Image_954.jpg,1024,683
Turtle,186,185,466,339,Image_955.jpg,1599,1065
Turtle,281,459,1524,1461,Image_956.JPG,2560,1920
Turtle,287,407,195,197,Image_957.jpg,1024,768
Turtle,526,198,325,284,Image_958.jpg,986,653
Turtle,663,220,340,323,Image_959.jpg,2121,1063
Turtle,1055,1205,937,838,Image_960.jpg,3840,2160
Turtle,1834,412,358,281,Image_960.jpg,3840,2160
Turtle,67,136,117,110,Image_961.jpg,525,340
Turtle,559,177,101,90,Image_962.jpg,1000,700
Turtle,389,32,1105,992,Image_963.jpg,1920,1080
Turtle,302,82,163,173,Image_964.jpg,732,420
Turtle,440,367,212,218,Image_965.jpg,1024,683
Turtle,540,88,300,309,Image_966.jpg,1024,770
Turtle,2228,254,633,544,Image_967.jpg,3033,1757
Turtle,521,376,179,162,Image_968.jpg,1024,678
Turtle,470,119,110,91,Image_969.jpg,685,360
Turtle,323,260,140,141,Image_970.jpg,1000,667
Turtle,579,53,173,168,Image_971.jpg,930,500
Turtle,1290,629,331,274,Image_972.jpg,2106,1578
Turtle,941,244,234,187,Image_973.jpg,1600,1280
Turtle,378,179,477,408,Image_974.jpg,1280,854
Turtle,61,121,194,176,Image_975.jpg,600,350
Turtle,129,87,167,133,Image_976.jpg,500,333
Turtle,393,184,95,59,Image_977.jpg,800,600
Turtle,877,513,220,210,Image_978.jpg,1920,1200
Turtle,164,5,106,107,Image_979.jpg,498,272
Turtle,557,396,452,311,Image_980.JPG,1600,1467
Turtle,674,283,292,330,Image_981.jpg,1600,900
Turtle,74,70,92,91,Image_982.jpg,300,260
Turtle,324,269,94,87,Image_983.jpg,800,600
Turtle,290,225,334,301,Image_984.jpg,1000,664
Turtle,315,150,176,193,Image_985.jpg,1200,735
Turtle,332,225,902,644,Image_986.jpg,1500,1125
Turtle,194,425,46,49,Image_987.jpg,1024,683
Turtle,428,204,199,184,Image_987.jpg,1024,683
Turtle,1026,1453,1144,823,Image_988.jpg,4613,2968
Turtle,411,349,312,255,Image_989.jpg,1536,1024
Turtle,606,219,398,447,Image_990.jpg,1600,1070
Turtle,294,165,225,203,Image_991.jpg,1000,664
Turtle,399,136,217,191,Image_992.jpg,869,574
Turtle,455,234,159,163,Image_993.jpg,900,586
Turtle,417,132,235,239,Image_994.jpg,1024,686
Turtle,446,219,178,192,Image_995.jpg,1200,630
Turtle,1851,598,1251,1202,Image_996.jpg,4752,3168
Turtle,724,433,433,357,Image_997.jpg,2119,1414
Turtle,239,30,85,88,Image_998.png,589,295
Turtle,440,22,39,44,Image_998.png,589,295
Turtle,635,145,261,256,Image_999.jpeg,1200,800
Turtle,228,184,156,160,Image_1000.jpg,500,559
Turtle,1721,517,1552,1636,Image_1001.jpg,4631,3087
Turtle,517,239,340,224,Image_1002.jpg,1200,900
Turtle,672,652,427,282,Image_1003.jpg,2793,2090
Turtle,645,116,211,187,Image_1004.jpg,1156,650
Turtle,335,132,270,217,Image_1005.jpg,845,563
Turtle,349,91,163,208,Image_1006.jpg,728,486
Turtle,390,186,309,277,Image_1007.png,900,600
Turtle,277,163,182,173,Image_1008.jpg,800,533
Turtle,311,210,193,198,Image_1009.jpg,1000,600
Turtle,423,144,250,263,Image_1010.jpg,1200,822
Turtle,34,71,243,200,Image_1011.jpg,800,600
Turtle,965,124,286,382,Image_1012.jpg,1686,1216
Turtle,688,249,471,532,Image_1013.jpg,1920,1080
Turtle,253,368,854,681,Image_1014.jpg,1512,1231
Turtle,411,160,832,655,Image_1015.jpg,1500,1000
Turtle,472,116,281,322,Image_1016.jpg,1600,1019
Turtle,458,283,160,167,Image_1017.jpg,850,567
Turtle,650,279,320,337,Image_1018.jpg,1600,1000
Turtle,2409,874,634,620,Image_1019.jpg,3840,2160
Turtle,216,439,175,198,Image_1020.jpg,2015,1510
Turtle,429,823,224,230,Image_1020.jpg,2015,1510
Turtle,1819,1135,196,189,Image_1020.jpg,2015,1510
Turtle,903,447,644,547,Image_1021.jpg,3008,2000
Turtle,349,119,205,196,Image_1022.jpg,1280,720
Turtle,411,3,417,543,Image_1023.jpg,1280,720
Turtle,621,309,187,156,Image_1024.jpg,1400,933
Turtle,389,974,802,647,Image_1025.jpg,4601,3200
Turtle,102,257,158,121,Image_1026.jpg,900,600
Turtle,210,30,212,192,Image_1027.jpg,900,521
Turtle,713,181,175,149,Image_1028.jpg,1000,600
Turtle,382,317,348,249,Image_1029.jpg,1904,803
Turtle,265,199,202,132,Image_1030.jpg,1000,667
Turtle,509,81,151,190,Image_1031.jpg,1200,630
Turtle,366,23,149,127,Image_1032.jpg,550,380
Turtle,114,146,357,280,Image_1033.jpg,1152,768
Turtle,1266,1034,386,416,Image_1034.jpg,2592,1944
Turtle,972,388,205,189,Image_1035.jpg,2000,1000
Turtle,509,72,315,453,Image_1036.jpg,1600,900
Turtle,1097,148,2480,2622,Image_1037.jpg,4608,3072
Turtle,611,217,147,116,Image_1038.jpg,1000,667
Turtle,217,202,141,171,Image_1039.jpg,800,600
Turtle,365,51,193,150,Image_1040.png,600,600
Turtle,597,79,217,169,Image_1041.jpg,1068,601
Turtle,428,141,233,186,Image_1042.jpg,1000,667
Turtle,426,146,726,617,Image_1043.jpg,1152,763
Turtle,540,235,157,193,Image_1044.jpg,990,681
Turtle,496,158,99,88,Image_1045.jpg,660,438
Turtle,375,150,131,129,Image_1046.jpg,900,600
Turtle,412,128,118,97,Image_1047.jpg,759,422
Turtle,474,155,235,282,Image_1048.jpg,981,650
Turtle,403,301,254,239,Image_1049.jpg,1500,1000
Turtle,1267,624,210,178,Image_1050.jpg,2304,1536
Turtle,180,96,361,294,Image_1051.jpg,1024,670
Turtle,247,215,141,150,Image_1052.jpg,775,518
Turtle,305,302,157,139,Image_1053.jpg,966,642
Turtle,731,339,195,168,Image_1054.jpg,1600,1000
Turtle,405,325,140,136,Image_1055.jpg,800,600
Turtle,684,285,532,503,Image_1056.jpg,1920,1080
Turtle,160,174,186,145,Image_1057.jpg,728,500
Turtle,809,326,156,138,Image_1058.jpg,1536,1024
Turtle,1863,2539,464,464,Image_1059.jpg,2720,4080
Turtle,73,84,118,130,Image_1060.jpg,637,450
Turtle,280,124,108,127,Image_1061.jpg,775,518
Turtle,624,309,159,150,Image_1062.jpg,1440,960
Turtle,447,147,149,122,Image_1063.jpg,1024,512
Turtle,107,75,94,70,Image_1064.jpg,475,264
Turtle,573,174,190,177,Image_1065.jpg,1000,665
Turtle,746,511,1305,1509,Image_1066.jpg,3072,2304
Turtle,197,334,283,209,Image_1067.jpg,1024,768
Turtle,497,138,212,180,Image_1068.jpg,800,600
Turtle,104,105,415,309,Image_1069.jpg,800,533
Turtle,97,374,419,305,Image_1070.jpg,1715,1286
Turtle,312,285,140,110,Image_1071.jpg,1280,720
Turtle,341,19,616,519,Image_1072.jpg,1190,595
Turtle,1568,523,989,600,Image_1073.jpg,4100,2660
Turtle,341,120,190,205,Image_1074.jpg,770,422
Turtle,437,194,201,201,Image_1075.jpg,900,600
Turtle,97,102,168,149,Image_1076.jpg,500,375
Turtle,318,272,261,232,Image_1077.jpg,750,740
Turtle,630,440,225,202,Image_1078.jpg,1024,672
Turtle,305,105,234,279,Image_1079.jpg,1000,667
Turtle,400,2,78,65,Image_1080.jpg,530,180
Turtle,757,258,361,319,Image_1081.jpg,1200,906
Turtle,284,128,147,128,Image_1082.jpg,800,505
Turtle,425,209,131,169,Image_1083.jpg,900,600
Turtle,772,159,239,186,Image_1084.jpg,1050,700
Turtle,357,102,305,299,Image_1085.jpg,1024,670
Turtle,266,325,165,119,Image_1086.jpg,900,599
Turtle,281,161,262,233,Image_1087.jpg,1000,541
Turtle,396,179,156,136,Image_1088.jpg,770,578
Turtle,292,357,193,158,Image_1089.jpg,1024,683
Turtle,180,195,513,324,Image_1090.jpg,1599,1065
Turtle,274,444,1561,1476,Image_1091.JPG,2560,1920
Turtle,290,414,186,189,Image_1092.jpg,1024,768
Turtle,529,216,313,264,Image_1093.jpg,986,653
Turtle,650,228,338,315,Image_1094.jpg,2121,1063
Turtle,1069,1168,960,897,Image_1095.jpg,3840,2160
Turtle,1820,389,340,294,Image_1095.jpg,3840,2160
Turtle,63,134,128,114,Image_1096.jpg,525,340
Turtle,557,178,105,86,Image_1097.jpg,1000,700
Turtle,389,29,1089,1008,Image_1098.jpg,1920,1080
Turtle,297,89,171,164,Image_1099.jpg,732,420
Turtle,436,372,217,207,Image_1100.jpg,1024,683
Turtle,539,95,298,292,Image_1101.jpg,1024,770
Turtle,2253,254,597,540,Image_1102.jpg,3033,1757
Turtle,502,364,201,174,Image_1103.jpg,1024,678
Turtle,475,118,103,87,Image_1104.jpg,685,360
Turtle,329,260,130,134,Image_1105.jpg,1000,667
Turtle,579,49,171,178,Image_1106.jpg,930,500
Turtle,1281,642,341,252,Image_1107.jpg,2106,1578
Turtle,948,254,224,173,Image_1108.jpg,1600,1280
Turtle,367,179,476,392,Image_1109.jpg,1280,854
Turtle,58,120,194,176,Image_1110.jpg,600,350
Turtle,127,90,158,127,Image_1111.jpg,500,333
Turtle,401,183,92,52,Image_1112.jpg,800,600
Turtle,868,513,238,197,Image_1113.jpg,1920,1200
Turtle,164,8,107,100,Image_1114.jpg,498,272
Turtle,554,396,458,336,Image_1115.JPG,1600,1467
Turtle,677,289,287,334,Image_1116.jpg,1600,900
Turtle,74,72,93,88,Image_1117.jpg,300,260
Turtle,325,267,94,75,Image_1118.jpg,800,600
Turtle,303,232,304,287,Image_1119.jpg,1000,664
Turtle,311,156,178,181,Image_1120.jpg,1200,735
Turtle,319,212,902,674,Image_1121.jpg,1500,1125
Turtle,192,422,51,53,Image_1122.jpg,1024,683
Turtle,426,205,196,184,Image_1122.jpg,1024,683
Turtle,385,108,182,178,Image_1123.jpg,800,600
Turtle,413,353,278,243,Image_1124.jpg,1536,1024
Turtle,386,138,226,191,Image_1125.jpg,869,574
Turtle,598,216,404,458,Image_1126.jpg,1600,1070
Turtle,654,117,198,187,Image_1127.jpg,1156,650
Turtle,294,165,237,197,Image_1128.jpg,1000,664
Turtle,443,205,185,212,Image_1129.jpg,1200,630
Turtle,452,228,157,170,Image_1130.jpg,900,586
Turtle,410,140,241,225,Image_1131.jpg,1024,686
Turtle,692,663,343,240,Image_1132.jpg,2793,2090
Turtle,725,431,480,382,Image_1133.jpg,2119,1414
Turtle,647,139,252,253,Image_1134.jpeg,1200,800
Turtle,1866,595,1238,1210,Image_1135.jpg,4752,3168
Turtle,243,33,83,83,Image_1136.png,589,295
Turtle,442,26,39,39,Image_1136.png,589,295
Turtle,226,187,156,163,Image_1137.jpg,500,559
Turtle,510,232,333,238,Image_1138.jpg,1200,900
Turtle,1726,547,1393,1545,Image_1139.jpg,4631,3087
Turtle,278,168,175,171,Image_1140.jpg,800,533
Turtle,329,134,273,227,Image_1141.jpg,845,563
Turtle,355,94,154,203,Image_1142.jpg,728,486
Turtle,304,205,205,209,Image_1143.jpg,1000,600
Turtle,391,181,311,290,Image_1144.png,900,600
Turtle,425,145,246,245,Image_1145.jpg,1200,822
Turtle,693,272,478,512,Image_1146.jpg,1920,1080
Turtle,39,80,216,178,Image_1147.jpg,800,600
Turtle,468,129,281,315,Image_1148.jpg,1600,1019
Turtle,995,137,251,324,Image_1149.jpg,1686,1216
Turtle,425,156,812,662,Image_1150.jpg,1500,1000
Turtle,457,278,158,169,Image_1151.jpg,850,567
Turtle,239,380,875,693,Image_1152.jpg,1512,1231
Turtle,647,286,313,328,Image_1153.jpg,1600,1000
Turtle,2463,878,580,634,Image_1154.jpg,3840,2160
Turtle,2830,1553,136,100,Image_1154.jpg,3840,2160
Turtle,3374,1236,131,131,Image_1154.jpg,3840,2160
Turtle,897,441,646,560,Image_1155.jpg,3008,2000
Turtle,352,118,204,207,Image_1156.jpg,1280,720
Turtle,414,6,418,524,Image_1157.jpg,1280,720
Turtle,209,434,176,205,Image_1158.jpg,2015,1510
Turtle,424,828,242,234,Image_1158.jpg,2015,1510
Turtle,1796,1127,219,213,Image_1158.jpg,2015,1510
Turtle,606,304,208,173,Image_1159.jpg,1400,933
Turtle,393,976,807,638,Image_1160.jpg,4601,3200
Turtle,211,30,218,188,Image_1161.jpg,900,521
Turtle,98,256,171,124,Image_1162.jpg,900,600
Turtle,699,183,186,150,Image_1163.jpg,1000,600
Turtle,373,338,355,222,Image_1164.jpg,1904,803
Turtle,269,195,185,133,Image_1165.jpg,1000,667
Turtle,369,19,145,141,Image_1166.jpg,550,380
Turtle,509,72,153,195,Image_1167.jpg,1200,630
Turtle,1210,1011,453,456,Image_1168.jpg,2592,1944
Turtle,1043,126,2549,2695,Image_1169.jpg,4608,3072
Turtle,114,136,371,310,Image_1170.jpg,1152,768
Turtle,981,376,198,198,Image_1171.jpg,2000,1000
Turtle,511,74,313,413,Image_1172.jpg,1600,900
Turtle,627,219,127,110,Image_1173.jpg,1000,667
Turtle,214,206,140,152,Image_1174.jpg,800,600
Turtle,376,50,182,163,Image_1175.png,600,600
Turtle,594,78,220,173,Image_1176.jpg,1068,601
Turtle,423,148,238,189,Image_1177.jpg,1000,667
Turtle,428,132,724,631,Image_1178.jpg,1152,763
Turtle,535,229,168,198,Image_1179.jpg,990,681
Turtle,492,161,104,83,Image_1180.jpg,660,438
Turtle,378,156,136,131,Image_1181.jpg,900,600
Turtle,410,129,123,96,Image_1182.jpg,759,422
Turtle,479,159,234,272,Image_1183.jpg,981,650
Turtle,403,306,228,225,Image_1184.jpg,1500,1000
Turtle,1277,623,201,187,Image_1185.jpg,2304,1536
Turtle,184,98,354,299,Image_1186.jpg,1024,670
Turtle,243,214,139,146,Image_1187.jpg,775,518
Turtle,308,302,153,137,Image_1188.jpg,966,642
Turtle,730,335,181,134,Image_1189.jpg,1600,1000
Turtle,408,323,133,131,Image_1190.jpg,800,600
Turtle,684,294,516,516,Image_1191.jpg,1920,1080
Turtle,162,175,176,140,Image_1192.jpg,728,500
Turtle,801,330,163,130,Image_1193.jpg,1536,1024
Turtle,1785,2554,504,446,Image_1194.jpg,2720,4080
Turtle,74,84,112,128,Image_1195.jpg,637,450
Turtle,278,127,109,111,Image_1196.jpg,775,518
Turtle,618,314,155,143,Image_1197.jpg,1440,960
Turtle,447,146,146,114,Image_1198.jpg,1024,512
Turtle,104,76,93,67,Image_1199.jpg,475,264
Turtle,571,167,189,189,Image_1200.jpg,1000,665
Turtle,784,565,1227,1434,Image_1201.jpg,3072,2304
Turtle,196,343,282,203,Image_1202.jpg,1024,768
Turtle,490,139,223,164,Image_1203.jpg,800,600
Turtle,102,108,400,290,Image_1204.jpg,800,533
Turtle,116,379,342,297,Image_1205.jpg,1715,1286
Turtle,317,282,134,119,Image_1206.jpg,1280,720
Turtle,349,16,613,516,Image_1207.jpg,1190,595
Turtle,1615,515,817,513,Image_1208.jpg,4100,2660
Turtle,350,131,182,196,Image_1209.jpg,770,422
Turtle,440,205,201,196,Image_1210.jpg,900,600
Turtle,97,100,147,135,Image_1211.jpg,500,375
Turtle,320,276,268,221,Image_1212.jpg,750,740
Turtle,624,452,235,186,Image_1213.jpg,1024,672
Turtle,312,114,226,298,Image_1214.jpg,1000,667
Turtle,389,6,88,59,Image_1215.jpg,530,180
Turtle,740,254,377,325,Image_1216.jpg,1200,906
Turtle,285,125,138,129,Image_1217.jpg,800,505
Turtle,428,209,124,152,Image_1218.jpg,900,600
Turtle,745,151,262,203,Image_1219.jpg,1050,700
Turtle,360,99,301,292,Image_1220.jpg,1024,670
Turtle,268,325,153,120,Image_1221.jpg,900,599
Turtle,274,161,271,243,Image_1222.jpg,1000,541
Turtle,394,186,155,126,Image_1223.jpg,770,578
Turtle,295,368,179,151,Image_1224.jpg,1024,683
Turtle,190,194,451,338,Image_1225.jpg,1599,1065
Turtle,301,448,1521,1472,Image_1226.JPG,2560,1920
Turtle,279,419,203,184,Image_1227.jpg,1024,768
Turtle,533,196,316,286,Image_1228.jpg,986,653
Turtle,648,211,363,340,Image_1229.jpg,2121,1063
Turtle,1829,410,349,276,Image_1230.jpg,3840,2160
Turtle,1064,1211,937,860,Image_1230.jpg,3840,2160
Turtle,67,142,115,103,Image_1231.jpg,525,340
Turtle,567,180,92,84,Image_1232.jpg,1000,700
Turtle,380,17,1125,1001,Image_1233.jpg,1920,1080
Turtle,291,83,174,172,Image_1234.jpg,732,420
Turtle,432,358,221,230,Image_1235.jpg,1024,683
Turtle,527,86,311,305,Image_1236.jpg,1024,770
Turtle,2246,249,604,515,Image_1237.jpg,3033,1757
Turtle,508,371,186,158,Image_1238.jpg,1024,678
Turtle,465,119,114,86,Image_1239.jpg,685,360
Turtle,322,255,135,144,Image_1240.jpg,1000,667
Turtle,580,46,168,169,Image_1241.jpg,930,500
Turtle,1279,628,343,269,Image_1242.jpg,2106,1578
Turtle,953,266,208,163,Image_1243.jpg,1600,1280
Turtle,367,183,481,400,Image_1244.jpg,1280,854
Turtle,54,118,223,178,Image_1245.jpg,600,350
Turtle,129,89,158,125,Image_1246.jpg,500,333
Turtle,389,182,100,48,Image_1247.jpg,800,600
Turtle,887,508,209,216,Image_1248.jpg,1920,1200
Turtle,162,7,110,106,Image_1249.jpg,498,272
Turtle,547,383,472,345,Image_1250.JPG,1600,1467
Turtle,672,276,294,342,Image_1251.jpg,1600,900
Turtle,72,73,95,90,Image_1252.jpg,300,260
Turtle,326,269,93,76,Image_1253.jpg,800,600
Turtle,297,223,315,298,Image_1254.jpg,1000,664
Turtle,312,150,184,195,Image_1255.jpg,1200,735
Turtle,293,205,836,662,Image_1256.jpg,1500,1125
Turtle,422,192,214,205,Image_1257.jpg,1024,683
Turtle,187,419,56,55,Image_1257.jpg,1024,683
Turtle,353,96,213,195,Image_1258.jpg,800,600
Turtle,401,345,327,257,Image_1259.jpg,1536,1024
Turtle,382,129,235,206,Image_1260.jpg,869,574
Turtle,279,148,222,206,Image_1261.jpg,900,600
Turtle,596,216,413,453,Image_1262.jpg,1600,1070
Turtle,644,147,253,234,Image_1263.jpeg,1200,800
Turtle,293,167,216,207,Image_1264.jpg,1000,664
Turtle,675,643,410,279,Image_1265.jpg,2793,2090
Turtle,442,220,185,191,Image_1266.jpg,1200,630
Turtle,450,229,165,170,Image_1267.jpg,900,586
Turtle,421,133,229,226,Image_1268.jpg,1024,686
Turtle,1891,590,1211,1224,Image_1269.jpg,4752,3168
Turtle,710,408,424,355,Image_1270.jpg,2119,1414
Turtle,244,33,82,81,Image_1271.png,589,295
Turtle,438,23,40,40,Image_1271.png,589,295
Turtle,224,186,160,169,Image_1272.jpg,500,559
Turtle,585,196,332,312,Image_1273.jpg,924,924
Turtle,352,123,254,234,Image_1274.jpg,845,563
Turtle,352,92,163,203,Image_1275.jpg,728,486
Turtle,494,235,355,221,Image_1276.jpg,1200,900
Turtle,1686,515,1465,1634,Image_1277.jpg,4631,3087
Turtle,377,185,329,289,Image_1278.png,900,600
Turtle,279,164,176,173,Image_1279.jpg,800,533
Turtle,311,206,192,208,Image_1280.jpg,1000,600
Turtle,419,140,255,264,Image_1281.jpg,1200,822
Turtle,679,262,485,507,Image_1282.jpg,1920,1080
Turtle,27,75,227,172,Image_1283.jpg,800,600
Turtle,423,161,861,653,Image_1284.jpg,1500,1000
Turtle,979,134,265,350,Image_1285.jpg,1686,1216
Turtle,460,118,296,322,Image_1286.jpg,1600,1019
Turtle,247,369,876,661,Image_1287.jpg,1512,1231
Turtle,443,270,178,186,Image_1288.jpg,850,567
Turtle,647,275,322,343,Image_1289.jpg,1600,1000
Turtle,2368,903,693,575,Image_1290.jpg,3840,2160
Turtle,2839,1555,113,82,Image_1290.jpg,3840,2160
Turtle,3387,1252,109,118,Image_1290.jpg,3840,2160
Turtle,350,106,214,196,Image_1291.jpg,1280,720
Turtle,205,441,189,195,Image_1292.jpg,2015,1510
Turtle,427,805,234,261,Image_1292.jpg,2015,1510
Turtle,1825,1125,190,219,Image_1292.jpg,2015,1510
Turtle,598,313,209,156,Image_1293.jpg,1400,933
Turtle,865,435,753,580,Image_1294.jpg,3008,2000
Turtle,414,1,420,521,Image_1295.jpg,1280,720
Turtle,368,954,853,646,Image_1296.jpg,4601,3200
Turtle,99,248,154,125,Image_1297.jpg,900,600
Turtle,213,25,215,185,Image_1298.jpg,900,521
Turtle,716,173,176,162,Image_1299.jpg,1000,600
Turtle,386,348,317,229,Image_1300.jpg,1904,803
Turtle,497,70,170,197,Image_1301.jpg,1200,630
Turtle,361,22,153,131,Image_1302.jpg,550,380
Turtle,1163,1006,530,457,Image_1303.jpg,2592,1944
Turtle,506,80,319,436,Image_1304.jpg,1600,900
Turtle,955,377,231,219,Image_1305.jpg,2000,1000
Turtle,123,142,369,301,Image_1306.jpg,1152,768
Turtle,1027,90,2578,2674,Image_1307.jpg,4608,3072
Turtle,619,217,136,111,Image_1308.jpg,1000,667
Turtle,213,202,146,164,Image_1309.jpg,800,600
Turtle,351,52,204,152,Image_1310.png,600,600
Turtle,587,79,227,184,Image_1311.jpg,1068,601
Turtle,423,149,238,171,Image_1312.jpg,1000,667
Turtle,426,136,726,627,Image_1313.jpg,1152,763
Turtle,512,230,194,212,Image_1314.jpg,990,681
Turtle,481,161,117,89,Image_1315.jpg,660,438
Turtle,377,159,125,125,Image_1316.jpg,900,600
Turtle,411,122,125,108,Image_1317.jpg,759,422
Turtle,480,147,229,292,Image_1318.jpg,981,650
Turtle,403,298,227,239,Image_1319.jpg,1500,1000
Turtle,1297,617,178,202,Image_1320.jpg,2304,1536
Turtle,186,93,346,288,Image_1321.jpg,1024,670
Turtle,247,213,132,153,Image_1322.jpg,775,518
Turtle,304,302,151,145,Image_1323.jpg,966,642
Turtle,725,327,180,141,Image_1324.jpg,1600,1000
Turtle,407,318,133,136,Image_1325.jpg,800,600
Turtle,700,284,507,530,Image_1326.jpg,1920,1080
Turtle,160,175,172,141,Image_1327.jpg,728,500
Turtle,802,325,153,139,Image_1328.jpg,1536,1024
Turtle,1872,2536,424,440,Image_1329.jpg,2720,4080
Turtle,74,84,122,135,Image_1330.jpg,637,450
Turtle,281,126,105,117,Image_1331.jpg,775,518
Turtle,618,307,164,141,Image_1332.jpg,1440,960
Turtle,458,146,129,114,Image_1333.jpg,1024,512
Turtle,108,74,92,67,Image_1334.jpg,475,264
Turtle,580,166,183,181,Image_1335.jpg,1000,665
Turtle,773,542,1260,1468,Image_1336.jpg,3072,2304
Turtle,196,339,298,196,Image_1337.jpg,1024,768
Turtle,504,135,206,169,Image_1338.jpg,800,600
Turtle,106,103,411,295,Image_1339.jpg,800,533
Turtle,106,371,416,313,Image_1340.jpg,1715,1286
Turtle,314,278,154,115,Image_1341.jpg,1280,720
Turtle,345,20,620,529,Image_1342.jpg,1190,595
Turtle,1607,511,923,652,Image_1343.jpg,4100,2660
Turtle,341,120,189,203,Image_1344.jpg,770,422
Turtle,438,196,202,198,Image_1345.jpg,900,600
Turtle,100,107,141,130,Image_1346.jpg,500,375
Turtle,333,267,247,231,Image_1347.jpg,750,740
Turtle,629,443,215,194,Image_1348.jpg,1024,672
Turtle,306,106,235,293,Image_1349.jpg,1000,667
Turtle,388,3,89,69,Image_1350.jpg,530,180
Turtle,744,254,373,322,Image_1351.jpg,1200,906
Turtle,285,129,152,122,Image_1352.jpg,800,505
Turtle,426,208,127,180,Image_1353.jpg,900,600
Turtle,739,156,264,194,Image_1354.jpg,1050,700
Turtle,345,101,319,286,Image_1355.jpg,1024,670
Turtle,263,332,153,113,Image_1356.jpg,900,599
Turtle,278,163,263,232,Image_1357.jpg,1000,541
Turtle,397,179,154,130,Image_1358.jpg,770,578
Turtle,294,366,181,153,Image_1359.jpg,1024,683
Turtle,179,203,451,313,Image_1360.jpg,1599,1065
Turtle,301,433,1521,1487,Image_1361.JPG,2560,1920
Turtle,292,420,191,181,Image_1362.jpg,1024,768
Turtle,552,193,293,280,Image_1363.jpg,986,653
Turtle,648,229,358,300,Image_1364.jpg,2121,1063
Turtle,1843,405,349,276,Image_1365.jpg,3840,2160
Turtle,1046,1193,1060,856,Image_1365.jpg,3840,2160
Turtle,62,141,116,108,Image_1366.jpg,525,340
Turtle,555,170,106,97,Image_1367.jpg,1000,700
Turtle,389,37,1078,989,Image_1368.jpg,1920,1080
Turtle,292,87,174,167,Image_1369.jpg,732,420
Turtle,437,374,214,209,Image_1370.jpg,1024,683
Turtle,526,95,317,293,Image_1371.jpg,1024,770
Turtle,2278,253,576,526,Image_1372.jpg,3033,1757
Turtle,523,366,174,174,Image_1373.jpg,1024,678
Turtle,466,114,113,90,Image_1374.jpg,685,360
Turtle,333,262,126,131,Image_1375.jpg,1000,667
Turtle,588,43,163,174,Image_1376.jpg,930,500
Turtle,1276,631,347,266,Image_1377.jpg,2106,1578
Turtle,948,248,233,181,Image_1378.jpg,1600,1280
Turtle,379,179,464,395,Image_1379.jpg,1280,854
Turtle,62,117,188,181,Image_1380.jpg,600,350
Turtle,123,87,170,140,Image_1381.jpg,500,333
Turtle,394,184,100,59,Image_1382.jpg,800,600
Turtle,887,508,226,221,Image_1383.jpg,1920,1200
Turtle,158,7,118,102,Image_1384.jpg,498,272
Turtle,532,400,477,325,Image_1385.JPG,1600,1467
Turtle,677,276,287,340,Image_1386.jpg,1600,900
Turtle,74,72,89,90,Image_1387.jpg,300,260
Turtle,327,264,91,82,Image_1388.jpg,800,600
Turtle,302,233,301,285,Image_1389.jpg,1000,664
Turtle,316,159,176,186,Image_1390.jpg,1200,735
Turtle,326,207,851,657,Image_1391.jpg,1500,1125
Turtle,196,414,46,63,Image_1392.jpg,1024,683
Turtle,429,209,197,183,Image_1392.jpg,1024,683
Turtle,388,107,176,180,Image_1393.jpg,800,600
Turtle,399,941,828,671,Image_1394.jpg,4601,3200
Turtle,1385,1104,503,412,Image_1395.jpg,2522,3332
Turtle,374,422,171,130,Image_1396.jpg,1200,800
Turtle,413,361,289,241,Image_1397.jpg,1536,1024
Turtle,671,656,418,275,Image_1398.jpg,2793,2090
Turtle,462,114,292,326,Image_1399.jpg,1600,1019
Turtle,294,160,215,202,Image_1400.jpg,1000,664
Turtle,356,111,198,205,Image_1401.jpg,1280,720
Turtle,660,114,194,184,Image_1402.jpg,1156,650
Turtle,716,438,435,355,Image_1403.jpg,2119,1414
Turtle,1710,502,1374,1592,Image_1404.jpg,4631,3087
Turtle,506,240,332,217,Image_1405.jpg,1200,900
Turtle,712,177,175,160,Image_1406.jpg,1000,600
Turtle,600,208,312,272,Image_1407.jpg,924,924
Turtle,729,325,188,145,Image_1408.jpg,1600,1000
Turtle,641,269,314,345,Image_1409.jpg,1600,1000
Turtle,688,246,469,546,Image_1410.jpg,1920,1080
Turtle,401,288,231,249,Image_1411.jpg,1500,1000
Turtle,605,204,397,459,Image_1412.jpg,1600,1070
Turtle,972,119,279,362,Image_1413.jpg,1686,1216
Turtle,427,137,227,217,Image_1414.jpg,1024,686
Turtle,772,263,336,309,Image_1415.jpg,1200,906
Turtle,374,18,142,120,Image_1416.jpg,550,380
Turtle,1063,108,2512,2650,Image_1417.jpg,4608,3072
Turtle,471,158,247,273,Image_1418.jpg,981,650
Turtle,224,186,162,167,Image_1419.jpg,500,559
Turtle,408,312,134,149,Image_1420.jpg,800,600
Turtle,111,381,371,293,Image_1421.jpg,1715,1286
Turtle,502,80,161,200,Image_1422.jpg,1200,630
Turtle,1208,983,469,465,Image_1423.jpg,2592,1944
Turtle,2395,885,666,602,Image_1424.jpg,3840,2160
Turtle,2839,1537,113,104,Image_1424.jpg,3840,2160
Turtle,3365,1207,136,199,Image_1424.jpg,3840,2160
Turtle,239,25,87,91,Image_1425.png,589,295
Turtle,439,20,44,48,Image_1425.png,589,295
Turtle,615,314,160,151,Image_1426.jpg,1440,960
Turtle,961,231,218,208,Image_1427.jpg,1600,1280
Turtle,401,125,130,102,Image_1428.jpg,759,422
Turtle,283,154,263,246,Image_1429.jpg,1000,541
Turtle,908,455,698,529,Image_1430.jpg,3008,2000
Turtle,225,369,869,647,Image_1431.jpg,1512,1231
Turtle,359,336,337,238,Image_1432.jpg,1904,803
Turtle,419,155,810,663,Image_1433.jpg,1500,1000
Turtle,566,117,46,37,Image_1434.jpg,800,533
Turtle,287,96,143,198,Image_1434.jpg,800,533
Turtle,0,393,61,98,Image_1434.jpg,800,533
Turtle,209,112,127,101,Image_1435.jpg,598,325
Turtle,447,228,170,177,Image_1436.jpg,900,586
Turtle,245,211,146,155,Image_1437.jpg,775,518
Turtle,379,159,124,109,Image_1438.jpg,900,600
Turtle,621,452,227,171,Image_1439.jpg,1024,672
Turtle,267,463,1555,1457,Image_1440.JPG,2560,1920
Turtle,290,368,200,147,Image_1441.jpg,1024,683
Turtle,105,75,95,66,Image_1442.jpg,475,264
Turtle,384,81,114,69,Image_1443.jpg,580,435
Turtle,329,31,126,90,Image_1444.jpg,623,200
Turtle,1309,638,166,157,Image_1445.jpg,2304,1536
Turtle,495,164,100,80,Image_1446.jpg,660,438
Turtle,447,273,167,175,Image_1447.jpg,850,567
Turtle,634,97,384,481,Image_1448.jpg,2000,1000
Turtle,962,373,210,200,Image_1449.jpg,2000,1000
Turtle,361,51,196,158,Image_1450.png,600,600
Turtle,466,118,114,87,Image_1451.jpg,685,360
Turtle,635,329,295,326,Image_1452.jpg,2361,1176
Turtle,404,5,73,63,Image_1453.jpg,530,180
Turtle,205,441,178,192,Image_1454.jpg,2015,1510
Turtle,406,811,252,243,Image_1454.jpg,2015,1510
Turtle,1837,1110,178,213,Image_1454.jpg,2015,1510
Turtle,377,182,325,288,Image_1455.png,900,600
Turtle,497,366,206,171,Image_1456.jpg,1024,678
Turtle,126,37,610,591,Image_1457.jpg,1000,750
Turtle,180,96,405,294,Image_1458.jpg,1024,670
Turtle,36,79,261,179,Image_1459.jpg,800,600
Turtle,209,36,214,170,Image_1460.jpg,900,521
Turtle,166,356,258,169,Image_1461.jpg,1200,900
Turtle,280,165,172,168,Image_1462.jpg,800,533
Turtle,92,82,71,65,Image_1463.jpg,450,300
Turtle,267,192,191,128,Image_1464.jpg,1000,667
Turtle,400,180,94,54,Image_1465.jpg,800,600
Turtle,626,216,136,109,Image_1466.jpg,1000,667
Turtle,1622,501,897,548,Image_1467.jpg,4100,2660
Turtle,438,368,218,218,Image_1468.jpg,1024,683
Turtle,229,10,257,215,Image_1469.jpg,980,500
Turtle,535,89,310,306,Image_1470.jpg,1024,770
Turtle,798,315,161,149,Image_1471.jpg,1536,1024
Turtle,330,17,615,526,Image_1472.jpg,1190,595
Turtle,423,130,729,628,Image_1473.jpg,1152,763
Turtle,121,148,407,298,Image_1474.jpg,1152,768
Turtle,102,259,160,113,Image_1475.jpg,900,600
Turtle,207,7,371,424,Image_1476.png,860,460
Turtle,885,511,219,198,Image_1477.jpg,1920,1200
Turtle,612,456,306,228,Image_1478.jpg,1600,1200
Turtle,828,195,235,127,Image_1478.jpg,1600,1200
Turtle,499,70,163,147,Image_1479.jpg,1024,335
Turtle,185,371,216,290,Image_1480.jpg,1536,1028
Turtle,586,73,232,190,Image_1481.jpg,1068,601
Turtle,302,298,172,142,Image_1482.jpg,966,642
Turtle,249,67,326,352,Image_1483.jpg,800,600
Turtle,419,140,264,266,Image_1484.jpg,1200,822
Turtle,322,74,98,102,Image_1485.jpg,479,313
Turtle,1624,821,307,266,Image_1486.jpg,2100,1400
Turtle,100,326,210,190,Image_1487.jpg,735,1102
Turtle,382,113,155,121,Image_1488.jpg,624,468
Turtle,444,210,178,201,Image_1489.jpg,1200,630
Turtle,72,110,79,54,Image_1490.jpg,350,219
Turtle,101,98,422,301,Image_1491.jpg,800,533
Turtle,124,37,149,144,Image_1492.jpg,425,282
Turtle,631,149,566,561,Image_1493.jpg,1366,917
Turtle,113,127,132,112,Image_1494.jpg,800,544
Turtle,365,169,482,419,Image_1495.jpg,1280,854
Turtle,581,44,170,166,Image_1496.jpg,930,500
Turtle,392,24,1085,996,Image_1497.jpg,1920,1080
Turtle,166,171,179,153,Image_1498.jpg,728,500
Turtle,522,228,180,202,Image_1499.jpg,990,681
Turtle,106,81,88,88,Image_1500.jpg,500,461
turtle,323,137,280,204,Image_1501.jpg,845,563
turtle,313,157,172,172,Image_1502.jpg,1200,735
turtle,643,289,108,87,Image_1503.jpg,900,678
turtle,350,96,158,198,Image_1504.jpg,728,486
turtle,227,52,187,191,Image_1505.png,449,252
turtle,660,241,360,313,Image_1506.jpg,2121,1063
turtle,491,297,142,136,Image_1507.jpg,1024,670
turtle,487,120,143,117,Image_1508.jpg,800,600
turtle,117,372,269,204,Image_1509.jpg,1200,800
turtle,2143,261,716,519,Image_1510.jpg,3033,1757
turtle,201,188,133,96,Image_1511.jpg,1280,960
turtle,1132,666,71,65,Image_1511.jpg,1280,960
turtle,274,746,59,63,Image_1511.jpg,1280,960
turtle,417,1,402,504,Image_1512.jpg,1280,720
turtle,319,290,153,104,Image_1513.jpg,1280,720
turtle,326,277,101,69,Image_1514.jpg,800,600
turtle,193,335,276,208,Image_1515.jpg,1024,768
turtle,675,285,290,323,Image_1516.jpg,1600,900
turtle,786,539,1211,1456,Image_1517.jpg,3072,2304
turtle,486,485,119,70,Image_1518.jpg,750,1000
turtle,66,137,114,107,Image_1519.jpg,525,340
turtle,807,209,230,199,Image_1520.jpg,1200,900
turtle,287,133,152,116,Image_1521.jpg,800,505
turtle,1794,2578,530,417,Image_1522.jpg,2720,4080
turtle,745,237,122,100,Image_1523.jpg,1024,516
turtle,563,186,94,67,Image_1524.jpg,1000,700
turtle,805,192,184,151,Image_1525.jpg,1120,922
turtle,166,10,103,95,Image_1526.jpg,498,272
turtle,340,126,53,66,Image_1527.jpg,768,514
turtle,556,463,165,189,Image_1528.jpg,1020,800
turtle,737,158,262,173,Image_1529.jpg,1050,700
turtle,555,101,130,84,Image_1530.jpg,700,477
turtle,152,280,186,190,Image_1531.jpg,894,900
turtle,220,214,135,140,Image_1532.jpg,800,600
turtle,415,344,297,245,Image_1533.jpg,1536,1024
turtle,292,167,237,199,Image_1534.jpg,1000,664
turtle,609,214,392,425,Image_1535.jpg,1600,1070
turtle,441,218,189,195,Image_1536.jpg,1200,630
turtle,383,136,228,186,Image_1537.jpg,869,574
turtle,1850,603,1262,1177,Image_1538.jpg,4752,3168
turtle,1735,533,1407,1605,Image_1539.jpg,4631,3087
turtle,414,136,237,237,Image_1540.jpg,1024,686
turtle,443,232,170,159,Image_1541.jpg,900,586
turtle,512,247,327,220,Image_1542.jpg,1200,900
turtle,722,435,500,378,Image_1543.jpg,2119,1414
turtle,241,31,85,85,Image_1544.png,589,295
turtle,204,188,180,164,Image_1545.jpg,500,559
turtle,359,94,151,198,Image_1546.jpg,728,486
turtle,276,160,183,175,Image_1547.jpg,800,533
turtle,697,265,462,521,Image_1548.jpg,1920,1080
turtle,313,137,285,214,Image_1549.jpg,845,563
turtle,310,213,192,198,Image_1550.jpg,1000,600
turtle,37,83,251,183,Image_1551.jpg,800,600
turtle,372,190,327,275,Image_1552.png,900,600
turtle,425,153,260,253,Image_1553.jpg,1200,822
turtle,245,388,849,597,Image_1554.jpg,1512,1231
turtle,465,127,281,316,Image_1555.jpg,1600,1019
turtle,983,140,259,336,Image_1556.jpg,1686,1216
turtle,423,159,803,644,Image_1557.jpg,1500,1000
turtle,362,130,227,183,Image_1558.jpg,1280,720
turtle,605,223,152,112,Image_1559.jpg,1000,667
turtle,446,267,171,178,Image_1560.jpg,850,567
turtle,2418,899,629,549,Image_1561.jpg,3840,2160
turtle,2855,1561,96,68,Image_1561.jpg,3840,2160
turtle,3387,1239,119,119,Image_1561.jpg,3840,2160
turtle,658,288,300,330,Image_1562.jpg,1600,1000
turtle,364,59,193,142,Image_1563.png,600,600
turtle,217,213,143,156,Image_1564.jpg,800,600
turtle,605,314,200,167,Image_1565.jpg,1400,933
turtle,233,453,141,180,Image_1566.jpg,2015,1510
turtle,436,848,202,209,Image_1566.jpg,2015,1510
turtle,1807,1144,208,161,Image_1566.jpg,2015,1510
turtle,905,454,732,510,Image_1567.jpg,3008,2000
turtle,401,1021,851,565,Image_1568.jpg,4601,3200
turtle,421,0,396,520,Image_1569.jpg,1280,720
turtle,689,185,198,140,Image_1570.jpg,1000,600
turtle,382,343,315,202,Image_1571.jpg,1904,803
turtle,215,40,208,174,Image_1572.jpg,900,521
turtle,104,263,169,114,Image_1573.jpg,900,600
turtle,517,85,140,184,Image_1574.jpg,1200,630
turtle,985,0,2576,2732,Image_1575.jpg,4608,3072
turtle,364,25,151,118,Image_1576.jpg,550,380
turtle,1135,1026,513,426,Image_1577.jpg,2592,1944
turtle,124,158,381,279,Image_1578.jpg,1152,768
turtle,519,87,295,465,Image_1579.jpg,1600,900
turtle,959,382,215,212,Image_1580.jpg,2000,1000
turtle,594,82,217,169,Image_1581.jpg,1068,601
turtle,417,149,239,199,Image_1582.jpg,1000,667
turtle,430,154,719,609,Image_1583.jpg,1152,763
turtle,537,237,161,187,Image_1584.jpg,990,681
turtle,491,166,103,79,Image_1585.jpg,660,438
turtle,385,161,119,133,Image_1586.jpg,900,600
turtle,395,130,138,93,Image_1587.jpg,759,422
turtle,475,159,239,273,Image_1588.jpg,981,650
turtle,409,314,248,215,Image_1589.jpg,1500,1000
turtle,1274,635,197,156,Image_1590.jpg,2304,1536
turtle,187,102,385,278,Image_1591.jpg,1024,670
turtle,251,213,134,161,Image_1592.jpg,775,518
turtle,312,301,172,135,Image_1593.jpg,966,642
turtle,736,347,175,156,Image_1594.jpg,1600,1000
turtle,408,323,135,134,Image_1595.jpg,800,600
turtle,702,302,498,476,Image_1596.jpg,1920,1080
turtle,164,179,176,133,Image_1597.jpg,728,500
turtle,786,333,172,122,Image_1598.jpg,1536,1024
turtle,1803,2570,521,408,Image_1599.jpg,2720,4080
turtle,80,87,115,125,Image_1600.jpg,637,450
turtle,286,131,101,111,Image_1601.jpg,775,518
turtle,586,316,191,142,Image_1602.jpg,1440,960
turtle,449,152,140,104,Image_1603.jpg,1024,512
turtle,107,78,95,59,Image_1604.jpg,475,264
turtle,578,175,186,174,Image_1605.jpg,1000,665
turtle,791,539,1211,1466,Image_1606.jpg,3072,2304
turtle,195,333,342,203,Image_1607.jpg,1024,768
turtle,498,142,214,158,Image_1608.jpg,800,600
turtle,107,111,398,273,Image_1609.jpg,800,533
turtle,124,394,413,265,Image_1610.jpg,1715,1286
turtle,317,294,157,98,Image_1611.jpg,1280,720
turtle,328,13,632,535,Image_1612.jpg,1190,595
turtle,1627,520,919,732,Image_1613.jpg,4100,2660
turtle,316,122,217,198,Image_1614.jpg,770,422
turtle,430,200,211,194,Image_1615.jpg,900,600
turtle,106,109,140,121,Image_1616.jpg,500,375
turtle,328,277,253,222,Image_1617.jpg,750,740
turtle,625,436,216,204,Image_1618.jpg,1024,672
turtle,311,109,220,326,Image_1619.jpg,1000,667
turtle,384,6,97,69,Image_1620.jpg,530,180
turtle,762,268,351,297,Image_1621.jpg,1200,906
turtle,291,132,146,120,Image_1622.jpg,800,505
turtle,430,218,122,210,Image_1623.jpg,900,600
turtle,765,160,235,181,Image_1624.jpg,1050,700
turtle,355,107,316,278,Image_1625.jpg,1024,670
turtle,271,331,167,110,Image_1626.jpg,900,599
turtle,283,167,258,236,Image_1627.jpg,1000,541
turtle,391,183,150,128,Image_1628.jpg,770,578
turtle,296,369,174,147,Image_1629.jpg,1024,683
turtle,196,209,491,281,Image_1630.jpg,1599,1065
turtle,295,413,1507,1499,Image_1631.JPG,2560,1920
turtle,288,394,214,211,Image_1632.jpg,1024,768
turtle,551,216,294,252,Image_1633.jpg,986,653
turtle,669,244,341,300,Image_1634.jpg,2121,1063
turtle,1070,1193,963,861,Image_1635.jpg,3840,2160
turtle,1846,417,317,244,Image_1635.jpg,3840,2160
turtle,70,135,118,110,Image_1636.jpg,525,340
turtle,555,185,103,77,Image_1637.jpg,1000,700
turtle,391,0,1144,1004,Image_1638.jpg,1920,1080
turtle,279,92,189,162,Image_1639.jpg,732,420
turtle,429,364,227,224,Image_1640.jpg,1024,683
turtle,545,95,292,265,Image_1641.jpg,1024,770
turtle,2210,270,635,497,Image_1642.jpg,3033,1757
turtle,521,374,180,165,Image_1643.jpg,1024,678
turtle,467,118,114,85,Image_1644.jpg,685,360
turtle,327,261,133,127,Image_1645.jpg,1000,667
turtle,576,51,176,163,Image_1646.jpg,930,500
turtle,1288,635,332,238,Image_1647.jpg,2106,1578
turtle,961,264,202,147,Image_1648.jpg,1600,1280
turtle,366,172,478,417,Image_1649.jpg,1280,854
turtle,59,120,200,171,Image_1650.jpg,600,350
turtle,129,93,156,116,Image_1651.jpg,500,333
turtle,394,175,97,82,Image_1652.jpg,800,600
turtle,869,521,232,210,Image_1653.jpg,1920,1200
turtle,165,7,121,108,Image_1654.jpg,498,272
turtle,507,412,493,284,Image_1655.JPG,1600,1467
turtle,677,287,286,316,Image_1656.jpg,1600,900
turtle,74,73,90,85,Image_1657.jpg,300,260
turtle,326,273,100,70,Image_1658.jpg,800,600
turtle,296,227,302,271,Image_1659.jpg,1000,664
turtle,319,155,165,179,Image_1660.jpg,1200,735
turtle,329,223,795,618,Image_1661.jpg,1500,1125
turtle,436,213,189,174,Image_1662.jpg,1024,683
turtle,190,425,32,41,Image_1662.jpg,1024,683
turtle,389,107,180,172,Image_1663.jpg,800,600
turtle,133,37,137,143,Image_1664.jpg,425,282
turtle,325,36,129,82,Image_1665.jpg,623,200
turtle,71,180,221,160,Image_1666.jpg,600,600
turtle,421,351,310,245,Image_1667.jpg,1536,1024
turtle,296,174,224,199,Image_1668.jpg,1000,664
turtle,614,219,378,429,Image_1669.jpg,1600,1070
turtle,441,216,182,200,Image_1670.jpg,1200,630
turtle,368,137,241,191,Image_1671.jpg,869,574
turtle,1864,624,1227,1163,Image_1672.jpg,4752,3168
turtle,1735,533,1359,1612,Image_1673.jpg,4631,3087
turtle,406,142,243,230,Image_1674.jpg,1024,686
turtle,433,235,179,170,Image_1675.jpg,900,586
turtle,518,245,320,209,Image_1676.jpg,1200,900
turtle,731,432,497,375,Image_1677.jpg,2119,1414
turtle,243,35,81,83,Image_1678.png,589,295
turtle,445,28,32,35,Image_1678.png,589,295
turtle,318,228,32,24,Image_1678.png,589,295
turtle,216,193,167,159,Image_1679.jpg,500,559
turtle,362,98,145,190,Image_1680.jpg,728,486
turtle,280,163,176,166,Image_1681.jpg,800,533
turtle,699,265,462,507,Image_1682.jpg,1920,1080
turtle,318,134,282,213,Image_1683.jpg,845,563
turtle,311,210,190,204,Image_1684.jpg,1000,600
turtle,35,82,254,176,Image_1685.jpg,800,600
turtle,354,183,342,287,Image_1686.png,900,600
turtle,425,151,267,257,Image_1687.jpg,1200,822
turtle,256,390,828,665,Image_1688.jpg,1512,1231
turtle,467,130,276,309,Image_1689.jpg,1600,1019
turtle,998,142,238,344,Image_1690.jpg,1686,1216
turtle,423,166,854,639,Image_1691.jpg,1500,1000
turtle,357,126,230,191,Image_1692.jpg,1280,720
turtle,603,226,150,105,Image_1693.jpg,1000,667
turtle,448,280,169,171,Image_1694.jpg,850,567
turtle,2390,899,640,589,Image_1695.jpg,3840,2160
turtle,3381,1250,113,96,Image_1695.jpg,3840,2160
turtle,2860,1567,113,79,Image_1695.jpg,3840,2160
turtle,654,283,304,340,Image_1696.jpg,1600,1000
turtle,355,59,200,143,Image_1697.png,600,600
turtle,221,211,138,160,Image_1698.jpg,800,600
turtle,619,316,188,149,Image_1699.jpg,1400,933
turtle,426,848,212,212,Image_1700.jpg,2015,1510
turtle,220,443,148,170,Image_1700.jpg,2015,1510
turtle,1788,1124,227,186,Image_1700.jpg,2015,1510
turtle,901,459,705,492,Image_1701.jpg,3008,2000
turtle,408,1014,824,592,Image_1702.jpg,4601,3200
turtle,417,7,413,517,Image_1703.jpg,1280,720
turtle,684,188,205,140,Image_1704.jpg,1000,600
turtle,385,337,320,222,Image_1705.jpg,1904,803
turtle,210,36,206,171,Image_1706.jpg,900,521
turtle,105,260,170,114,Image_1707.jpg,900,600
turtle,517,83,140,184,Image_1708.jpg,1200,630
turtle,1040,143,2542,2617,Image_1709.jpg,4608,3072
turtle,362,23,152,133,Image_1710.jpg,550,380
turtle,1230,1051,438,393,Image_1711.jpg,2592,1944
turtle,124,158,360,279,Image_1712.jpg,1152,768
turtle,507,84,312,439,Image_1713.jpg,1600,900
turtle,968,388,204,198,Image_1714.jpg,2000,1000
turtle,581,83,232,172,Image_1715.jpg,1068,601
turtle,416,152,239,176,Image_1716.jpg,1000,667
turtle,428,152,709,611,Image_1717.jpg,1152,763
turtle,534,237,164,193,Image_1718.jpg,990,681
turtle,497,165,97,73,Image_1719.jpg,660,438
turtle,381,159,118,130,Image_1720.jpg,900,600
turtle,397,133,134,87,Image_1721.jpg,759,422
turtle,472,156,237,276,Image_1722.jpg,981,650
turtle,405,314,241,206,Image_1723.jpg,1500,1000
turtle,1285,649,187,143,Image_1724.jpg,2304,1536
turtle,189,99,376,276,Image_1725.jpg,1024,670
turtle,253,219,127,142,Image_1726.jpg,775,518
turtle,312,310,167,127,Image_1727.jpg,966,642
turtle,734,342,179,182,Image_1728.jpg,1600,1000
turtle,405,322,134,135,Image_1729.jpg,800,600
turtle,682,311,513,476,Image_1730.jpg,1920,1080
turtle,160,176,185,136,Image_1731.jpg,728,500
turtle,797,335,159,118,Image_1732.jpg,1536,1024
turtle,1803,2578,486,399,Image_1733.jpg,2720,4080
turtle,78,87,120,126,Image_1734.jpg,637,450
turtle,280,126,105,121,Image_1735.jpg,775,518
turtle,582,314,195,149,Image_1736.jpg,1440,960
turtle,449,153,140,110,Image_1737.jpg,1024,512
turtle,109,80,88,59,Image_1738.jpg,475,264
turtle,578,175,184,177,Image_1739.jpg,1000,665
turtle,776,510,1230,1495,Image_1740.jpg,3072,2304
turtle,205,332,333,194,Image_1741.jpg,1024,768
turtle,502,146,206,147,Image_1742.jpg,800,600
turtle,105,113,426,271,Image_1743.jpg,800,533
turtle,127,389,372,287,Image_1744.jpg,1715,1286
turtle,317,290,147,96,Image_1745.jpg,1280,720
turtle,348,24,614,514,Image_1746.jpg,1190,595
turtle,1633,508,816,635,Image_1747.jpg,4100,2660
turtle,334,125,202,201,Image_1748.jpg,770,422
turtle,437,203,206,187,Image_1749.jpg,900,600
turtle,106,110,135,123,Image_1750.jpg,500,375
turtle,320,276,260,224,Image_1751.jpg,750,740
turtle,625,448,217,184,Image_1752.jpg,1024,672
turtle,308,105,224,295,Image_1753.jpg,1000,667
turtle,391,6,85,65,Image_1754.jpg,530,180
turtle,752,268,357,303,Image_1755.jpg,1200,906
turtle,293,138,144,112,Image_1756.jpg,800,505
turtle,431,218,114,175,Image_1757.jpg,900,600
turtle,773,161,228,186,Image_1758.jpg,1050,700
turtle,356,104,307,282,Image_1759.jpg,1024,670
turtle,271,331,143,112,Image_1760.jpg,900,599
turtle,277,172,255,223,Image_1761.jpg,1000,541
turtle,389,182,146,133,Image_1762.jpg,770,578
turtle,293,355,190,156,Image_1763.jpg,1024,683
turtle,184,205,502,297,Image_1764.jpg,1599,1065
turtle,287,425,1499,1495,Image_1765.JPG,2560,1920
turtle,290,392,204,211,Image_1766.jpg,1024,768
turtle,553,226,288,243,Image_1767.jpg,986,653
turtle,663,244,338,288,Image_1768.jpg,2121,1063
turtle,1053,1210,985,838,Image_1769.jpg,3840,2160
turtle,1858,412,300,266,Image_1769.jpg,3840,2160
turtle,66,138,121,105,Image_1770.jpg,525,340
turtle,548,185,110,71,Image_1771.jpg,1000,700
turtle,396,61,1082,940,Image_1772.jpg,1920,1080
turtle,284,92,184,164,Image_1773.jpg,732,420
turtle,444,382,205,201,Image_1774.jpg,1024,683
turtle,553,98,282,264,Image_1775.jpg,1024,770
turtle,2228,275,613,492,Image_1776.jpg,3033,1757
turtle,515,372,184,163,Image_1777.jpg,1024,678
turtle,474,124,109,78,Image_1778.jpg,685,360
turtle,330,266,125,133,Image_1779.jpg,1000,667
turtle,577,55,173,163,Image_1780.jpg,930,500
turtle,1278,648,332,238,Image_1781.jpg,2106,1578
turtle,972,270,191,144,Image_1782.jpg,1600,1280
turtle,381,185,474,310,Image_1783.jpg,1280,854
turtle,61,125,188,172,Image_1784.jpg,600,350
turtle,130,93,150,114,Image_1785.jpg,500,333
turtle,400,177,88,82,Image_1786.jpg,800,600
turtle,872,518,229,210,Image_1787.jpg,1920,1200
turtle,166,11,102,103,Image_1788.jpg,498,272
turtle,472,415,527,309,Image_1789.JPG,1600,1467
turtle,673,294,290,314,Image_1790.jpg,1600,900
turtle,75,74,89,82,Image_1791.jpg,300,260
turtle,327,277,97,64,Image_1792.jpg,800,600
turtle,304,242,268,264,Image_1793.jpg,1000,664
turtle,322,157,166,175,Image_1794.jpg,1200,735
turtle,329,242,886,615,Image_1795.jpg,1500,1125
turtle,189,426,38,36,Image_1796.jpg,1024,683
turtle,433,210,187,171,Image_1796.jpg,1024,683
turtle,387,109,174,167,Image_1797.jpg,800,600
turtle,135,39,135,137,Image_1798.jpg,425,282
turtle,334,38,122,74,Image_1799.jpg,623,200
turtle,71,181,211,157,Image_1800.jpg,600,600
turtle,419,351,308,236,Image_1801.jpg,1536,1024
turtle,299,174,224,193,Image_1802.jpg,1000,664
turtle,609,223,387,429,Image_1803.jpg,1600,1070
turtle,372,141,236,183,Image_1804.jpg,869,574
turtle,450,219,173,189,Image_1805.jpg,1200,630
turtle,1878,631,1206,1142,Image_1806.jpg,4752,3168
turtle,417,142,234,230,Image_1807.jpg,1024,686
turtle,446,236,166,146,Image_1808.jpg,900,586
turtle,239,35,84,82,Image_1809.png,589,295
turtle,444,29,32,32,Image_1809.png,589,295
turtle,321,228,28,27,Image_1809.png,589,295
turtle,728,438,466,356,Image_1810.jpg,2119,1414
turtle,216,191,167,158,Image_1811.jpg,500,559
turtle,483,245,352,209,Image_1812.jpg,1200,900
turtle,359,130,211,181,Image_1813.jpg,1280,720
turtle,425,158,267,250,Image_1814.jpg,1200,822
turtle,280,165,173,164,Image_1815.jpg,800,533
turtle,697,279,459,498,Image_1816.jpg,1920,1080
turtle,359,98,147,191,Image_1817.jpg,728,486
turtle,328,138,270,209,Image_1818.jpg,845,563
turtle,313,213,189,199,Image_1819.jpg,1000,600
turtle,372,192,337,271,Image_1820.png,900,600
turtle,25,84,254,157,Image_1821.jpg,800,600
turtle,467,130,278,312,Image_1822.jpg,1600,1019
turtle,993,147,241,316,Image_1823.jpg,1686,1216
turtle,425,166,792,642,Image_1824.jpg,1500,1000
turtle,248,382,846,691,Image_1825.jpg,1512,1231
turtle,609,226,147,106,Image_1826.jpg,1000,667
turtle,649,288,312,323,Image_1827.jpg,1600,1000
turtle,449,285,164,164,Image_1828.jpg,850,567
turtle,909,468,697,506,Image_1829.jpg,3008,2000
turtle,2401,927,646,538,Image_1830.jpg,3840,2160
turtle,2860,1567,108,96,Image_1830.jpg,3840,2160
turtle,3404,1239,96,119,Image_1830.jpg,3840,2160
turtle,423,7,395,493,Image_1831.jpg,1280,720
turtle,219,214,130,157,Image_1832.jpg,800,600
turtle,617,320,184,140,Image_1833.jpg,1400,933
turtle,233,450,145,183,Image_1834.jpg,2015,1510
turtle,439,845,209,209,Image_1834.jpg,2015,1510
turtle,1811,1128,204,173,Image_1834.jpg,2015,1510
turtle,364,60,193,148,Image_1835.png,600,600
turtle,214,40,203,170,Image_1836.jpg,900,521
turtle,415,1014,824,558,Image_1837.jpg,4601,3200
turtle,390,343,315,205,Image_1838.jpg,1904,803
turtle,692,186,193,142,Image_1839.jpg,1000,600
turtle,104,264,166,112,Image_1840.jpg,900,600
turtle,271,205,183,117,Image_1841.jpg,1000,667
turtle,581,82,228,169,Image_1842.jpg,1068,601
turtle,517,83,142,188,Image_1843.jpg,1200,630
turtle,362,26,152,125,Image_1844.jpg,550,380
turtle,1188,1051,463,409,Image_1845.jpg,2592,1944
turtle,124,163,355,263,Image_1846.jpg,1152,768
turtle,965,0,2569,2746,Image_1847.jpg,4608,3072
turtle,517,82,295,444,Image_1848.jpg,1600,900
turtle,944,388,224,198,Image_1849.jpg,2000,1000
turtle,422,154,235,181,Image_1850.jpg,1000,667
turtle,426,154,705,605,Image_1851.jpg,1152,763
turtle,539,234,158,191,Image_1852.jpg,990,681
turtle,502,167,93,72,Image_1853.jpg,660,438
turtle,386,165,117,119,Image_1854.jpg,900,600
turtle,405,132,127,88,Image_1855.jpg,759,422
turtle,475,162,226,269,Image_1856.jpg,981,650
turtle,412,308,228,210,Image_1857.jpg,1500,1000
turtle,1288,646,184,136,Image_1858.jpg,2304,1536
turtle,192,107,349,264,Image_1859.jpg,1024,670
turtle,250,219,130,142,Image_1860.jpg,775,518
turtle,313,290,177,144,Image_1861.jpg,966,642
turtle,732,347,177,172,Image_1862.jpg,1600,1000
turtle,415,323,123,128,Image_1863.jpg,800,600
turtle,699,305,496,473,Image_1864.jpg,1920,1080
turtle,163,180,177,129,Image_1865.jpg,728,500
turtle,795,335,165,118,Image_1866.jpg,1536,1024
turtle,1811,2604,486,365,Image_1867.jpg,2720,4080
turtle,80,91,117,121,Image_1868.jpg,637,450
turtle,282,128,101,113,Image_1869.jpg,775,518
turtle,610,319,168,125,Image_1870.jpg,1440,960
turtle,452,152,137,107,Image_1871.jpg,1024,512
turtle,111,82,86,55,Image_1872.jpg,475,264
turtle,586,176,174,162,Image_1873.jpg,1000,665
turtle,786,554,1226,1461,Image_1874.jpg,3072,2304
turtle,198,343,302,181,Image_1875.jpg,1024,768
turtle,500,142,207,147,Image_1876.jpg,800,600
turtle,109,112,498,274,Image_1877.jpg,800,533
turtle,127,391,350,271,Image_1878.jpg,1715,1286
turtle,323,292,132,94,Image_1879.jpg,1280,720
turtle,304,18,653,555,Image_1880.jpg,1190,595
turtle,1633,526,816,671,Image_1881.jpg,4100,2660
turtle,316,124,218,204,Image_1882.jpg,770,422
turtle,433,203,206,191,Image_1883.jpg,900,600
turtle,106,110,134,125,Image_1884.jpg,500,375
turtle,332,280,244,208,Image_1885.jpg,750,740
turtle,630,443,210,196,Image_1886.jpg,1024,672
turtle,317,114,214,304,Image_1887.jpg,1000,667
turtle,396,6,82,59,Image_1888.jpg,530,180
turtle,748,266,366,305,Image_1889.jpg,1200,906
turtle,280,133,152,110,Image_1890.jpg,800,505
turtle,431,216,117,183,Image_1891.jpg,900,600
turtle,743,164,251,170,Image_1892.jpg,1050,700
turtle,359,105,298,279,Image_1893.jpg,1024,670
turtle,269,334,149,104,Image_1894.jpg,900,599
turtle,282,167,252,242,Image_1895.jpg,1000,541
turtle,385,186,150,123,Image_1896.jpg,770,578
turtle,295,360,189,154,Image_1897.jpg,1024,683
turtle,189,207,483,302,Image_1898.jpg,1599,1065
turtle,304,466,1475,1454,Image_1899.JPG,2560,1920
turtle,290,392,194,214,Image_1900.jpg,1024,768
turtle,534,232,307,236,Image_1901.jpg,986,653
turtle,663,234,354,313,Image_1902.jpg,2121,1063
turtle,1070,1210,946,827,Image_1903.jpg,3840,2160
turtle,1863,423,317,261,Image_1903.jpg,3840,2160
turtle,70,136,112,105,Image_1904.jpg,525,340
turtle,558,186,103,69,Image_1905.jpg,1000,700
turtle,405,42,1082,968,Image_1906.jpg,1920,1080
turtle,285,92,181,161,Image_1907.jpg,732,420
turtle,433,366,219,216,Image_1908.jpg,1024,683
turtle,550,97,285,267,Image_1909.jpg,1024,770
turtle,2214,270,631,488,Image_1910.jpg,3033,1757
turtle,488,374,216,160,Image_1911.jpg,1024,678
turtle,476,123,103,76,Image_1912.jpg,685,360
turtle,330,264,130,133,Image_1913.jpg,1000,667
turtle,582,54,166,155,Image_1914.jpg,930,500
turtle,1275,635,336,242,Image_1915.jpg,2106,1578
turtle,982,267,185,158,Image_1916.jpg,1600,1280
turtle,385,182,457,393,Image_1917.jpg,1280,854
turtle,60,123,187,171,Image_1918.jpg,600,350
turtle,131,94,145,114,Image_1919.jpg,500,333
turtle,400,176,86,71,Image_1920.jpg,800,600
turtle,878,524,221,187,Image_1921.jpg,1920,1200
turtle,167,10,102,100,Image_1922.jpg,498,272
turtle,475,412,524,309,Image_1923.JPG,1600,1467
turtle,675,294,283,307,Image_1924.jpg,1600,900
turtle,76,73,88,85,Image_1925.jpg,300,260
turtle,329,276,94,65,Image_1926.jpg,800,600
turtle,301,236,296,264,Image_1927.jpg,1000,664
turtle,319,160,165,175,Image_1928.jpg,1200,735
turtle,326,225,811,620,Image_1929.jpg,1500,1125
turtle,430,207,193,183,Image_1930.jpg,1024,683
turtle,190,429,33,33,Image_1930.jpg,1024,683
turtle,386,109,172,170,Image_1931.jpg,800,600
turtle,134,38,137,141,Image_1932.jpg,425,282
turtle,317,36,139,79,Image_1933.jpg,623,200
turtle,71,181,222,156,Image_1934.jpg,600,600
turtle,797,237,229,202,Image_1935.jpg,1400,787
turtle,419,347,297,236,Image_1936.jpg,1536,1024
turtle,358,138,250,195,Image_1937.jpg,869,574
turtle,295,171,221,199,Image_1938.jpg,1000,664
turtle,611,219,382,439,Image_1939.jpg,1600,1070
turtle,453,219,166,186,Image_1940.jpg,1200,630
turtle,1864,624,1220,1156,Image_1941.jpg,4752,3168
turtle,415,139,234,233,Image_1942.jpg,1024,686
turtle,445,235,166,162,Image_1943.jpg,900,586
turtle,238,33,87,82,Image_1944.png,589,295
turtle,446,29,27,33,Image_1944.png,589,295
turtle,321,229,30,24,Image_1944.png,589,295
turtle,514,243,322,207,Image_1945.jpg,1200,900
turtle,217,190,164,159,Image_1946.jpg,500,559
turtle,728,438,469,369,Image_1947.jpg,2119,1414
turtle,280,159,173,173,Image_1948.jpg,800,533
turtle,356,97,149,194,Image_1949.jpg,728,486
turtle,35,86,246,170,Image_1950.jpg,800,600
turtle,311,210,192,201,Image_1951.jpg,1000,600
turtle,427,151,255,255,Image_1952.jpg,1200,822
turtle,325,137,274,218,Image_1953.jpg,845,563
turtle,425,148,233,186,Image_1954.jpg,1000,667
turtle,366,186,332,281,Image_1955.png,900,600
turtle,702,279,450,498,Image_1956.jpg,1920,1080
turtle,988,147,248,318,Image_1957.jpg,1686,1216
turtle,251,382,859,689,Image_1958.jpg,1512,1231
turtle,465,130,288,321,Image_1959.jpg,1600,1019
turtle,425,166,816,639,Image_1960.jpg,1500,1000
turtle,618,224,139,106,Image_1961.jpg,1000,667
turtle,2407,893,634,566,Image_1962.jpg,3840,2160
turtle,2855,1567,142,102,Image_1962.jpg,3840,2160
turtle,3393,1222,113,125,Image_1962.jpg,3840,2160
turtle,617,316,184,142,Image_1963.jpg,1400,933
turtle,656,283,297,335,Image_1964.jpg,1600,1000
turtle,451,262,160,186,Image_1965.jpg,850,567
turtle,230,437,135,193,Image_1966.jpg,2015,1510
turtle,432,842,215,215,Image_1966.jpg,2015,1510
turtle,1827,1131,188,177,Image_1966.jpg,2015,1510
turtle,219,211,133,171,Image_1967.jpg,800,600
turtle,368,61,185,144,Image_1968.png,600,600
turtle,421,1028,797,558,Image_1969.jpg,4601,3200
turtle,918,459,741,492,Image_1970.jpg,3008,2000
turtle,388,312,427,253,Image_1971.jpg,1904,803
turtle,417,3,404,527,Image_1972.jpg,1280,720
turtle,689,185,201,147,Image_1973.jpg,1000,600
turtle,215,41,206,166,Image_1974.jpg,900,521
turtle,105,259,165,114,Image_1975.jpg,900,600
turtle,586,85,224,165,Image_1976.jpg,1068,601
turtle,519,85,138,198,Image_1977.jpg,1200,630
turtle,519,89,290,371,Image_1978.jpg,1600,900
turtle,366,27,148,123,Image_1979.jpg,550,380
turtle,1263,1059,381,385,Image_1980.jpg,2592,1944
turtle,1040,0,2515,2759,Image_1981.jpg,4608,3072
turtle,122,160,372,280,Image_1982.jpg,1152,768
turtle,968,388,195,204,Image_1983.jpg,2000,1000
turtle,435,149,690,613,Image_1984.jpg,1152,763
turtle,542,234,153,193,Image_1985.jpg,990,681
turtle,499,166,93,79,Image_1986.jpg,660,438
turtle,385,163,113,121,Image_1987.jpg,900,600
turtle,410,135,119,84,Image_1988.jpg,759,422
turtle,477,160,226,272,Image_1989.jpg,981,650
turtle,409,314,237,199,Image_1990.jpg,1500,1000
turtle,1285,642,184,156,Image_1991.jpg,2304,1536
turtle,190,107,349,257,Image_1992.jpg,1024,670
turtle,253,217,127,138,Image_1993.jpg,775,518
turtle,311,307,160,127,Image_1994.jpg,966,642
turtle,732,344,177,144,Image_1995.jpg,1600,1000
turtle,409,327,128,124,Image_1996.jpg,800,600
turtle,691,299,507,501,Image_1997.jpg,1920,1080
turtle,165,181,177,128,Image_1998.jpg,728,500
turtle,802,335,154,113,Image_1999.jpg,1536,1024
turtle,1794,2578,495,391,Image_2000.jpg,2720,4080